Village A,Village B,Village C,Village D,Village E
0,0,0,0,0
0,0,0,0,0
0,0,0,0,0
0,0,0,0,0
0,0,0,0,0
0,0,0,0,0
0.04457,0.04457,0.04457,0.04457,0.04457
0.22016,0.22016,0.22016,0.22016,0.22016
0.39611,0.39611,0.39611,0.39611,0.39611
0.53806,0.53806,0.53806,0.53806,0.53806
0.6912,0.6912,0.6912,0.6912,0.6912
0.7519,0.7519,0.7519,0.7519,0.7519
0.76369,0.76369,0.76369,0.76369,0.76369
0.72198,0.72198,0.72198,0.72198,0.72198
0.62491,0.62491,0.62491,0.62491,0.62491
0.35524,0.35524,0.35524,0.35524,0.35524
0.25581,0.25581,0.25581,0.25581,0.25581
0.10095,0.10095,0.10095,0.10095,0.10095
0.00909,0.00909,0.00909,0.00909,0.00909
0,0,0,0,0
0,0,0,0,0
0,0,0,0,0
0,0,0,0,0
0,0,0,0,0
0,0,0,0,0
0,0,0,0,0
0,0,0,0,0
0,0,0,0,0
0,0,0,0,0
0,0,0,0,0
0.04256,0.04256,0.04256,0.04256,0.04256
0.21489,0.21489,0.21489,0.21489,0.21489
0.35666,0.35666,0.35666,0.35666,0.35666
0.551,0.551,0.551,0.551,0.551
0.68669,0.68669,0.68669,0.68669,0.68669
0.45002,0.45002,0.45002,0.45002,0.45002
0.7416,0.7416,0.7416,0.7416,0.7416
0.71429,0.71429,0.71429,0.71429,0.71429
0.62096,0.62096,0.62096,0.62096,0.62096
0.47873,0.47873,0.47873,0.47873,0.47873
0.29508,0.29508,0.29508,0.29508,0.29508
0.10039,0.10039,0.10039,0.10039,0.10039
0.00907,0.00907,0.00907,0.00907,0.00907
0,0,0,0,0
0,0,0,0,0
0,0,0,0,0
0,0,0,0,0
0,0,0,0,0
0,0,0,0,0
0,0,0,0,0
0,0,0,0,0
0,0,0,0,0
0,0,0,0,0
0,0,0,0,0
0.01258,0.01258,0.01258,0.01258,0.01258
0.16281,0.16281,0.16281,0.16281,0.16281
0.26003,0.26003,0.26003,0.26003,0.26003
0.4403,0.4403,0.4403,0.4403,0.4403
0.47834,0.47834,0.47834,0.47834,0.47834
0.58187,0.58187,0.58187,0.58187,0.58187
0.55709,0.55709,0.55709,0.55709,0.55709
0.32754,0.32754,0.32754,0.32754,0.32754
0.36523,0.36523,0.36523,0.36523,0.36523
0.27168,0.27168,0.27168,0.27168,0.27168
0.14596,0.14596,0.14596,0.14596,0.14596
0.09627,0.09627,0.09627,0.09627,0.09627
0.0029,0.0029,0.0029,0.0029,0.0029
0,0,0,0,0
0,0,0,0,0
0,0,0,0,0
0,0,0,0,0
0,0,0,0,0
0,0,0,0,0
0,0,0,0,0
0,0,0,0,0
0,0,0,0,0
0,0,0,0,0
0,0,0,0,0
0.04217,0.04217,0.04217,0.04217,0.04217
0.19573,0.19573,0.19573,0.19573,0.19573
0.31937,0.31937,0.31937,0.31937,0.31937
0.48099,0.48099,0.48099,0.48099,0.48099
0.59109,0.59109,0.59109,0.59109,0.59109
0.67658,0.67658,0.67658,0.67658,0.67658
0.75358,0.75358,0.75358,0.75358,0.75358
0.55921,0.55921,0.55921,0.55921,0.55921
0.40491,0.40491,0.40491,0.40491,0.40491
0.30344,0.30344,0.30344,0.30344,0.30344
0.15558,0.15558,0.15558,0.15558,0.15558
0.10445,0.10445,0.10445,0.10445,0.10445
0.00359,0.00359,0.00359,0.00359,0.00359
0,0,0,0,0
0,0,0,0,0
0,0,0,0,0
0,0,0,0,0
0,0,0,0,0
0,0,0,0,0
0,0,0,0,0
0,0,0,0,0
0,0,0,0,0
0,0,0,0,0
0,0,0,0,0
0.04197,0.04197,0.04197,0.04197,0.04197
0.16859,0.16859,0.16859,0.16859,0.16859
0.29858,0.29858,0.29858,0.29858,0.29858
0.4224,0.4224,0.4224,0.4224,0.4224
0.43108,0.43108,0.43108,0.43108,0.43108
0.64118,0.64118,0.64118,0.64118,0.64118
0.74203,0.74203,0.74203,0.74203,0.74203
0.61081,0.61081,0.61081,0.61081,0.61081
0.59559,0.59559,0.59559,0.59559,0.59559
0.4054,0.4054,0.4054,0.4054,0.4054
0.24824,0.24824,0.24824,0.24824,0.24824
0.10124,0.10124,0.10124,0.10124,0.10124
0.01042,0.01042,0.01042,0.01042,0.01042
0,0,0,0,0
0,0,0,0,0
0,0,0,0,0
0,0,0,0,0
0,0,0,0,0
0,0,0,0,0
0,0,0,0,0
0,0,0,0,0
0,0,0,0,0
0,0,0,0,0
0,0,0,0,0
0.02783,0.02783,0.02783,0.02783,0.02783
0.17937,0.17937,0.17937,0.17937,0.17937
0.32293,0.32293,0.32293,0.32293,0.32293
0.5108,0.5108,0.5108,0.5108,0.5108
0.66783,0.66783,0.66783,0.66783,0.66783
0.7187,0.7187,0.7187,0.7187,0.7187
0.71979,0.71979,0.71979,0.71979,0.71979
0.628,0.628,0.628,0.628,0.628
0.54864,0.54864,0.54864,0.54864,0.54864
0.47397,0.47397,0.47397,0.47397,0.47397
0.29106,0.29106,0.29106,0.29106,0.29106
0.10843,0.10843,0.10843,0.10843,0.10843
0.01246,0.01246,0.01246,0.01246,0.01246
0,0,0,0,0
0,0,0,0,0
0,0,0,0,0
0,0,0,0,0
0,0,0,0,0
0,0,0,0,0
0,0,0,0,0
0,0,0,0,0
0,0,0,0,0
0,0,0,0,0
0,0,0,0,0
0.0503,0.0503,0.0503,0.0503,0.0503
0.16743,0.16743,0.16743,0.16743,0.16743
0.35324,0.35324,0.35324,0.35324,0.35324
0.50217,0.50217,0.50217,0.50217,0.50217
0.61753,0.61753,0.61753,0.61753,0.61753
0.61946,0.61946,0.61946,0.61946,0.61946
0.64021,0.64021,0.64021,0.64021,0.64021
0.5409,0.5409,0.5409,0.5409,0.5409
0.52397,0.52397,0.52397,0.52397,0.52397
0.36284,0.36284,0.36284,0.36284,0.36284
0.22561,0.22561,0.22561,0.22561,0.22561
0.06717,0.06717,0.06717,0.06717,0.06717
0.0069,0.0069,0.0069,0.0069,0.0069
0,0,0,0,0
0,0,0,0,0
0,0,0,0,0
0,0,0,0,0
0,0,0,0,0
0,0,0,0,0
0,0,0,0,0
0,0,0,0,0
0,0,0,0,0
0,0,0,0,0
0,0,0,0,0
0.03527,0.03527,0.03527,0.03527,0.03527
0.12443,0.12443,0.12443,0.12443,0.12443
0.15237,0.15237,0.15237,0.15237,0.15237
0.20315,0.20315,0.20315,0.20315,0.20315
0.29634,0.29634,0.29634,0.29634,0.29634
0.30888,0.30888,0.30888,0.30888,0.30888
0.3964,0.3964,0.3964,0.3964,0.3964
0.40682,0.40682,0.40682,0.40682,0.40682
0.39588,0.39588,0.39588,0.39588,0.39588
0.22541,0.22541,0.22541,0.22541,0.22541
0.07539,0.07539,0.07539,0.07539,0.07539
0.04587,0.04587,0.04587,0.04587,0.04587
0.0053,0.0053,0.0053,0.0053,0.0053
0,0,0,0,0
0,0,0,0,0
0,0,0,0,0
0,0,0,0,0
0,0,0,0,0
0,0,0,0,0
0,0,0,0,0
0,0,0,0,0
0,0,0,0,0
0,0,0,0,0
0,0,0,0,0
0.03434,0.03434,0.03434,0.03434,0.03434
0.09117,0.09117,0.09117,0.09117,0.09117
0.27082,0.27082,0.27082,0.27082,0.27082
0.27898,0.27898,0.27898,0.27898,0.27898
0.44875,0.44875,0.44875,0.44875,0.44875
0.56683,0.56683,0.56683,0.56683,0.56683
0.60813,0.60813,0.60813,0.60813,0.60813
0.49728,0.49728,0.49728,0.49728,0.49728
0.51296,0.51296,0.51296,0.51296,0.51296
0.36298,0.36298,0.36298,0.36298,0.36298
0.15855,0.15855,0.15855,0.15855,0.15855
0.07215,0.07215,0.07215,0.07215,0.07215
0.00691,0.00691,0.00691,0.00691,0.00691
0,0,0,0,0
0,0,0,0,0
0,0,0,0,0
0,0,0,0,0
0,0,0,0,0
0,0,0,0,0
0,0,0,0,0
0,0,0,0,0
0,0,0,0,0
0,0,0,0,0
0,0,0,0,0
0.0165,0.0165,0.0165,0.0165,0.0165
0.17044,0.17044,0.17044,0.17044,0.17044
0.3069,0.3069,0.3069,0.3069,0.3069
0.40235,0.40235,0.40235,0.40235,0.40235
0.55377,0.55377,0.55377,0.55377,0.55377
0.65202,0.65202,0.65202,0.65202,0.65202
0.69047,0.69047,0.69047,0.69047,0.69047
0.64638,0.64638,0.64638,0.64638,0.64638
0.54566,0.54566,0.54566,0.54566,0.54566
0.32154,0.32154,0.32154,0.32154,0.32154
0.14846,0.14846,0.14846,0.14846,0.14846
0.05773,0.05773,0.05773,0.05773,0.05773
0.0045,0.0045,0.0045,0.0045,0.0045
0,0,0,0,0
0,0,0,0,0
0,0,0,0,0
0,0,0,0,0
0,0,0,0,0
0,0,0,0,0
0,0,0,0,0
0,0,0,0,0
0,0,0,0,0
0,0,0,0,0
0,0,0,0,0
0.04296,0.04296,0.04296,0.04296,0.04296
0.16652,0.16652,0.16652,0.16652,0.16652
0.33529,0.33529,0.33529,0.33529,0.33529
0.48013,0.48013,0.48013,0.48013,0.48013
0.55874,0.55874,0.55874,0.55874,0.55874
0.60311,0.60311,0.60311,0.60311,0.60311
0.71328,0.71328,0.71328,0.71328,0.71328
0.67663,0.67663,0.67663,0.67663,0.67663
0.5789,0.5789,0.5789,0.5789,0.5789
0.19361,0.19361,0.19361,0.19361,0.19361
0.04384,0.04384,0.04384,0.04384,0.04384
0.07913,0.07913,0.07913,0.07913,0.07913
0.00704,0.00704,0.00704,0.00704,0.00704
0,0,0,0,0
0,0,0,0,0
0,0,0,0,0
0,0,0,0,0
0,0,0,0,0
0,0,0,0,0
0,0,0,0,0
0,0,0,0,0
0,0,0,0,0
0,0,0,0,0
0,0,0,0,0
0.03639,0.03639,0.03639,0.03639,0.03639
0.12415,0.12415,0.12415,0.12415,0.12415
0.32281,0.32281,0.32281,0.32281,0.32281
0.44378,0.44378,0.44378,0.44378,0.44378
0.46913,0.46913,0.46913,0.46913,0.46913
0.16161,0.16161,0.16161,0.16161,0.16161
0.07076,0.07076,0.07076,0.07076,0.07076
0.45212,0.45212,0.45212,0.45212,0.45212
0.42876,0.42876,0.42876,0.42876,0.42876
0.09926,0.09926,0.09926,0.09926,0.09926
0.17289,0.17289,0.17289,0.17289,0.17289
0.07912,0.07912,0.07912,0.07912,0.07912
0.00772,0.00772,0.00772,0.00772,0.00772
0,0,0,0,0
0,0,0,0,0
0,0,0,0,0
0,0,0,0,0
0,0,0,0,0
0,0,0,0,0
0,0,0,0,0
0,0,0,0,0
0,0,0,0,0
0,0,0,0,0
0,0,0,0,0
0.00369,0.00369,0.00369,0.00369,0.00369
0.03879,0.03879,0.03879,0.03879,0.03879
0.0737,0.0737,0.0737,0.0737,0.0737
0.10369,0.10369,0.10369,0.10369,0.10369
0.15727,0.15727,0.15727,0.15727,0.15727
0.23188,0.23188,0.23188,0.23188,0.23188
0.2752,0.2752,0.2752,0.2752,0.2752
0.22499,0.22499,0.22499,0.22499,0.22499
0.22933,0.22933,0.22933,0.22933,0.22933
0.13041,0.13041,0.13041,0.13041,0.13041
0.06131,0.06131,0.06131,0.06131,0.06131
0.02373,0.02373,0.02373,0.02373,0.02373
0.00131,0.00131,0.00131,0.00131,0.00131
0,0,0,0,0
0,0,0,0,0
0,0,0,0,0
0,0,0,0,0
0,0,0,0,0
0,0,0,0,0
0,0,0,0,0
0,0,0,0,0
0,0,0,0,0
0,0,0,0,0
0,0,0,0,0
0.04123,0.04123,0.04123,0.04123,0.04123
0.10676,0.10676,0.10676,0.10676,0.10676
0.19749,0.19749,0.19749,0.19749,0.19749
0.37974,0.37974,0.37974,0.37974,0.37974
0.52674,0.52674,0.52674,0.52674,0.52674
0.62701,0.62701,0.62701,0.62701,0.62701
0.57693,0.57693,0.57693,0.57693,0.57693
0.41564,0.41564,0.41564,0.41564,0.41564
0.40137,0.40137,0.40137,0.40137,0.40137
0.34813,0.34813,0.34813,0.34813,0.34813
0.26106,0.26106,0.26106,0.26106,0.26106
0.07214,0.07214,0.07214,0.07214,0.07214
0.00863,0.00863,0.00863,0.00863,0.00863
0,0,0,0,0
0,0,0,0,0
0,0,0,0,0
0,0,0,0,0
0,0,0,0,0
0,0,0,0,0
0,0,0,0,0
0,0,0,0,0
0,0,0,0,0
0,0,0,0,0
0,0,0,0,0
0.03867,0.03867,0.03867,0.03867,0.03867
0.12548,0.12548,0.12548,0.12548,0.12548
0.25202,0.25202,0.25202,0.25202,0.25202
0.30359,0.30359,0.30359,0.30359,0.30359
0.51095,0.51095,0.51095,0.51095,0.51095
0.66111,0.66111,0.66111,0.66111,0.66111
0.68476,0.68476,0.68476,0.68476,0.68476
0.64211,0.64211,0.64211,0.64211,0.64211
0.50932,0.50932,0.50932,0.50932,0.50932
0.39373,0.39373,0.39373,0.39373,0.39373
0.27204,0.27204,0.27204,0.27204,0.27204
0.05738,0.05738,0.05738,0.05738,0.05738
0.01012,0.01012,0.01012,0.01012,0.01012
0,0,0,0,0
0,0,0,0,0
0,0,0,0,0
0,0,0,0,0
0,0,0,0,0
0,0,0,0,0
0,0,0,0,0
0,0,0,0,0
0,0,0,0,0
0,0,0,0,0
0,0,0,0,0
0.04031,0.04031,0.04031,0.04031,0.04031
0.17059,0.17059,0.17059,0.17059,0.17059
0.18663,0.18663,0.18663,0.18663,0.18663
0.25566,0.25566,0.25566,0.25566,0.25566
0.33508,0.33508,0.33508,0.33508,0.33508
0.2807,0.2807,0.2807,0.2807,0.2807
0.14271,0.14271,0.14271,0.14271,0.14271
0.11763,0.11763,0.11763,0.11763,0.11763
0.17371,0.17371,0.17371,0.17371,0.17371
0.09722,0.09722,0.09722,0.09722,0.09722
0.08229,0.08229,0.08229,0.08229,0.08229
0.10901,0.10901,0.10901,0.10901,0.10901
0.00632,0.00632,0.00632,0.00632,0.00632
0,0,0,0,0
0,0,0,0,0
0,0,0,0,0
0,0,0,0,0
0,0,0,0,0
0,0,0,0,0
0,0,0,0,0
0,0,0,0,0
0,0,0,0,0
0,0,0,0,0
0,0,0,0,0
0.0372,0.0372,0.0372,0.0372,0.0372
0.17056,0.17056,0.17056,0.17056,0.17056
0.36117,0.36117,0.36117,0.36117,0.36117
0.42469,0.42469,0.42469,0.42469,0.42469
0.59863,0.59863,0.59863,0.59863,0.59863
0.63982,0.63982,0.63982,0.63982,0.63982
0.53956,0.53956,0.53956,0.53956,0.53956
0.49025,0.49025,0.49025,0.49025,0.49025
0.37029,0.37029,0.37029,0.37029,0.37029
0.15485,0.15485,0.15485,0.15485,0.15485
0.16615,0.16615,0.16615,0.16615,0.16615
0.0628,0.0628,0.0628,0.0628,0.0628
0.00901,0.00901,0.00901,0.00901,0.00901
0,0,0,0,0
0,0,0,0,0
0,0,0,0,0
0,0,0,0,0
0,0,0,0,0
0,0,0,0,0
0,0,0,0,0
0,0,0,0,0
0,0,0,0,0
0,0,0,0,0
0,0,0,0,0
0.0326,0.0326,0.0326,0.0326,0.0326
0.20561,0.20561,0.20561,0.20561,0.20561
0.35879,0.35879,0.35879,0.35879,0.35879
0.55976,0.55976,0.55976,0.55976,0.55976
0.70041,0.70041,0.70041,0.70041,0.70041
0.76654,0.76654,0.76654,0.76654,0.76654
0.77962,0.77962,0.77962,0.77962,0.77962
0.74157,0.74157,0.74157,0.74157,0.74157
0.65273,0.65273,0.65273,0.65273,0.65273
0.51213,0.51213,0.51213,0.51213,0.51213
0.32576,0.32576,0.32576,0.32576,0.32576
0.11999,0.11999,0.11999,0.11999,0.11999
0.01094,0.01094,0.01094,0.01094,0.01094
0,0,0,0,0
0,0,0,0,0
0,0,0,0,0
0,0,0,0,0
0,0,0,0,0
0,0,0,0,0
0,0,0,0,0
0,0,0,0,0
0,0,0,0,0
0,0,0,0,0
0,0,0,0,0
0.02889,0.02889,0.02889,0.02889,0.02889
0.19181,0.19181,0.19181,0.19181,0.19181
0.34399,0.34399,0.34399,0.34399,0.34399
0.57706,0.57706,0.57706,0.57706,0.57706
0.67575,0.67575,0.67575,0.67575,0.67575
0.57771,0.57771,0.57771,0.57771,0.57771
0.26929,0.26929,0.26929,0.26929,0.26929
0.22879,0.22879,0.22879,0.22879,0.22879
0.27377,0.27377,0.27377,0.27377,0.27377
0.4764,0.4764,0.4764,0.4764,0.4764
0.14889,0.14889,0.14889,0.14889,0.14889
0.11803,0.11803,0.11803,0.11803,0.11803
0.00774,0.00774,0.00774,0.00774,0.00774
0,0,0,0,0
0,0,0,0,0
0,0,0,0,0
0,0,0,0,0
0,0,0,0,0
0,0,0,0,0
0,0,0,0,0
0,0,0,0,0
0,0,0,0,0
0,0,0,0,0
0,0,0,0,0
0.02901,0.02901,0.02901,0.02901,0.02901
0.19822,0.19822,0.19822,0.19822,0.19822
0.3852,0.3852,0.3852,0.3852,0.3852
0.538,0.538,0.538,0.538,0.538
0.45748,0.45748,0.45748,0.45748,0.45748
0.74337,0.74337,0.74337,0.74337,0.74337
0.73588,0.73588,0.73588,0.73588,0.73588
0.52022,0.52022,0.52022,0.52022,0.52022
0.44333,0.44333,0.44333,0.44333,0.44333
0.46993,0.46993,0.46993,0.46993,0.46993
0.30798,0.30798,0.30798,0.30798,0.30798
0.11797,0.11797,0.11797,0.11797,0.11797
0.01182,0.01182,0.01182,0.01182,0.01182
0,0,0,0,0
0,0,0,0,0
0,0,0,0,0
0,0,0,0,0
0,0,0,0,0
0,0,0,0,0
0,0,0,0,0
0,0,0,0,0
0,0,0,0,0
0,0,0,0,0
0,0,0,0,0
0.02813,0.02813,0.02813,0.02813,0.02813
0.19754,0.19754,0.19754,0.19754,0.19754
0.35963,0.35963,0.35963,0.35963,0.35963
0.51383,0.51383,0.51383,0.51383,0.51383
0.54711,0.54711,0.54711,0.54711,0.54711
0.75496,0.75496,0.75496,0.75496,0.75496
0.76582,0.76582,0.76582,0.76582,0.76582
0.72884,0.72884,0.72884,0.72884,0.72884
0.64156,0.64156,0.64156,0.64156,0.64156
0.50475,0.50475,0.50475,0.50475,0.50475
0.32276,0.32276,0.32276,0.32276,0.32276
0.12133,0.12133,0.12133,0.12133,0.12133
0.01167,0.01167,0.01167,0.01167,0.01167
0,0,0,0,0
0,0,0,0,0
0,0,0,0,0
0,0,0,0,0
0,0,0,0,0
0,0,0,0,0
0,0,0,0,0
0,0,0,0,0
0,0,0,0,0
0,0,0,0,0
0,0,0,0,0
0.02989,0.02989,0.02989,0.02989,0.02989
0.19448,0.19448,0.19448,0.19448,0.19448
0.34921,0.34921,0.34921,0.34921,0.34921
0.53801,0.53801,0.53801,0.53801,0.53801
0.69494,0.69494,0.69494,0.69494,0.69494
0.73523,0.73523,0.73523,0.73523,0.73523
0.77587,0.77587,0.77587,0.77587,0.77587
0.74084,0.74084,0.74084,0.74084,0.74084
0.46697,0.46697,0.46697,0.46697,0.46697
0.41639,0.41639,0.41639,0.41639,0.41639
0.25863,0.25863,0.25863,0.25863,0.25863
0.11641,0.11641,0.11641,0.11641,0.11641
0.00805,0.00805,0.00805,0.00805,0.00805
0,0,0,0,0
0,0,0,0,0
0,0,0,0,0
0,0,0,0,0
0,0,0,0,0
0,0,0,0,0
0,0,0,0,0
0,0,0,0,0
0,0,0,0,0
0,0,0,0,0
0,0,0,0,0
0.0351,0.0351,0.0351,0.0351,0.0351
0.07235,0.07235,0.07235,0.07235,0.07235
0.24652,0.24652,0.24652,0.24652,0.24652
0.37886,0.37886,0.37886,0.37886,0.37886
0.49942,0.49942,0.49942,0.49942,0.49942
0.41662,0.41662,0.41662,0.41662,0.41662
0.2834,0.2834,0.2834,0.2834,0.2834
0.25061,0.25061,0.25061,0.25061,0.25061
0.38231,0.38231,0.38231,0.38231,0.38231
0.30207,0.30207,0.30207,0.30207,0.30207
0.27592,0.27592,0.27592,0.27592,0.27592
0.10094,0.10094,0.10094,0.10094,0.10094
0.01042,0.01042,0.01042,0.01042,0.01042
0,0,0,0,0
0,0,0,0,0
0,0,0,0,0
0,0,0,0,0
0,0,0,0,0
0,0,0,0,0
0,0,0,0,0
0,0,0,0,0
0,0,0,0,0
0,0,0,0,0
0,0,0,0,0
0.03367,0.03367,0.03367,0.03367,0.03367
0.17046,0.17046,0.17046,0.17046,0.17046
0.31684,0.31684,0.31684,0.31684,0.31684
0.4896,0.4896,0.4896,0.4896,0.4896
0.60051,0.60051,0.60051,0.60051,0.60051
0.6137,0.6137,0.6137,0.6137,0.6137
0.68446,0.68446,0.68446,0.68446,0.68446
0.61703,0.61703,0.61703,0.61703,0.61703
0.49931,0.49931,0.49931,0.49931,0.49931
0.41481,0.41481,0.41481,0.41481,0.41481
0.2658,0.2658,0.2658,0.2658,0.2658
0.11044,0.11044,0.11044,0.11044,0.11044
0.01151,0.01151,0.01151,0.01151,0.01151
0,0,0,0,0
0,0,0,0,0
0,0,0,0,0
0,0,0,0,0
0,0,0,0,0
0,0,0,0,0
0,0,0,0,0
0,0,0,0,0
0,0,0,0,0
0,0,0,0,0
0,0,0,0,0
0.02571,0.02571,0.02571,0.02571,0.02571
0.19069,0.19069,0.19069,0.19069,0.19069
0.33058,0.33058,0.33058,0.33058,0.33058
0.48518,0.48518,0.48518,0.48518,0.48518
0.67666,0.67666,0.67666,0.67666,0.67666
0.74264,0.74264,0.74264,0.74264,0.74264
0.7571,0.7571,0.7571,0.7571,0.7571
0.7213,0.7213,0.7213,0.7213,0.7213
0.63566,0.63566,0.63566,0.63566,0.63566
0.49999,0.49999,0.49999,0.49999,0.49999
0.09105,0.09105,0.09105,0.09105,0.09105
0.11353,0.11353,0.11353,0.11353,0.11353
0.01009,0.01009,0.01009,0.01009,0.01009
0,0,0,0,0
0,0,0,0,0
0,0,0,0,0
0,0,0,0,0
0,0,0,0,0
0,0,0,0,0
0,0,0,0,0
0,0,0,0,0
0,0,0,0,0
0,0,0,0,0
0,0,0,0,0
0.03048,0.03048,0.03048,0.03048,0.03048
0.16759,0.16759,0.16759,0.16759,0.16759
0.36383,0.36383,0.36383,0.36383,0.36383
0.51548,0.51548,0.51548,0.51548,0.51548
0.5312,0.5312,0.5312,0.5312,0.5312
0.51958,0.51958,0.51958,0.51958,0.51958
0.64012,0.64012,0.64012,0.64012,0.64012
0.60731,0.60731,0.60731,0.60731,0.60731
0.42834,0.42834,0.42834,0.42834,0.42834
0.18841,0.18841,0.18841,0.18841,0.18841
0.12051,0.12051,0.12051,0.12051,0.12051
0.0535,0.0535,0.0535,0.0535,0.0535
0.00048,0.00048,0.00048,0.00048,0.00048
0,0,0,0,0
0,0,0,0,0
0,0,0,0,0
0,0,0,0,0
0,0,0,0,0
0,0,0,0,0
0,0,0,0,0
0,0,0,0,0
0,0,0,0,0
0,0,0,0,0
0,0,0,0,0
0.03005,0.03005,0.03005,0.03005,0.03005
0.1871,0.1871,0.1871,0.1871,0.1871
0.38896,0.38896,0.38896,0.38896,0.38896
0.50116,0.50116,0.50116,0.50116,0.50116
0.66251,0.66251,0.66251,0.66251,0.66251
0.74227,0.74227,0.74227,0.74227,0.74227
0.72544,0.72544,0.72544,0.72544,0.72544
0.64601,0.64601,0.64601,0.64601,0.64601
0.57064,0.57064,0.57064,0.57064,0.57064
0.50103,0.50103,0.50103,0.50103,0.50103
0.04479,0.04479,0.04479,0.04479,0.04479
0.01722,0.01722,0.01722,0.01722,0.01722
0,0,0,0,0
0,0,0,0,0
0,0,0,0,0
0,0,0,0,0
0,0,0,0,0
0,0,0,0,0
0,0,0,0,0
0,0,0,0,0
0,0,0,0,0
0,0,0,0,0
0,0,0,0,0
0,0,0,0,0
0.03005,0.03005,0.03005,0.03005,0.03005
0.18678,0.18678,0.18678,0.18678,0.18678
0.38952,0.38952,0.38952,0.38952,0.38952
0.47428,0.47428,0.47428,0.47428,0.47428
0.60459,0.60459,0.60459,0.60459,0.60459
0.74988,0.74988,0.74988,0.74988,0.74988
0.44263,0.44263,0.44263,0.44263,0.44263
0.74846,0.74846,0.74846,0.74846,0.74846
0.65602,0.65602,0.65602,0.65602,0.65602
0.32388,0.32388,0.32388,0.32388,0.32388
0.20004,0.20004,0.20004,0.20004,0.20004
0.11758,0.11758,0.11758,0.11758,0.11758
0.00931,0.00931,0.00931,0.00931,0.00931
0,0,0,0,0
0,0,0,0,0
0,0,0,0,0
0,0,0,0,0
0,0,0,0,0
0,0,0,0,0
0,0,0,0,0
0,0,0,0,0
0,0,0,0,0
0,0,0,0,0
0,0,0,0,0
0.02957,0.02957,0.02957,0.02957,0.02957
0.19283,0.19283,0.19283,0.19283,0.19283
0.40075,0.40075,0.40075,0.40075,0.40075
0.57441,0.57441,0.57441,0.57441,0.57441
0.69793,0.69793,0.69793,0.69793,0.69793
0.76871,0.76871,0.76871,0.76871,0.76871
0.78283,0.78283,0.78283,0.78283,0.78283
0.74275,0.74275,0.74275,0.74275,0.74275
0.65011,0.65011,0.65011,0.65011,0.65011
0.50868,0.50868,0.50868,0.50868,0.50868
0.3248,0.3248,0.3248,0.3248,0.3248
0.06144,0.06144,0.06144,0.06144,0.06144
0,0,0,0,0
0,0,0,0,0
0,0,0,0,0
0,0,0,0,0
0,0,0,0,0
0,0,0,0,0
0,0,0,0,0
0,0,0,0,0
0,0,0,0,0
0,0,0,0,0
0,0,0,0,0
0,0,0,0,0
0,0,0,0,0
0.00851,0.00851,0.00851,0.00851,0.00851
0.05409,0.05409,0.05409,0.05409,0.05409
0.09603,0.09603,0.09603,0.09603,0.09603
0.37965,0.37965,0.37965,0.37965,0.37965
0.49918,0.49918,0.49918,0.49918,0.49918
0.52411,0.52411,0.52411,0.52411,0.52411
0.53252,0.53252,0.53252,0.53252,0.53252
0.40937,0.40937,0.40937,0.40937,0.40937
0.28674,0.28674,0.28674,0.28674,0.28674
0.25789,0.25789,0.25789,0.25789,0.25789
0.11733,0.11733,0.11733,0.11733,0.11733
0.00942,0.00942,0.00942,0.00942,0.00942
0,0,0,0,0
0,0,0,0,0
0,0,0,0,0
0,0,0,0,0
0,0,0,0,0
0,0,0,0,0
0,0,0,0,0
0,0,0,0,0
0,0,0,0,0
0,0,0,0,0
0,0,0,0,0
0.03474,0.03474,0.03474,0.03474,0.03474
0.17545,0.17545,0.17545,0.17545,0.17545
0.33736,0.33736,0.33736,0.33736,0.33736
0.46783,0.46783,0.46783,0.46783,0.46783
0.67548,0.67548,0.67548,0.67548,0.67548
0.74429,0.74429,0.74429,0.74429,0.74429
0.76154,0.76154,0.76154,0.76154,0.76154
0.72914,0.72914,0.72914,0.72914,0.72914
0.64453,0.64453,0.64453,0.64453,0.64453
0.50823,0.50823,0.50823,0.50823,0.50823
0.32684,0.32684,0.32684,0.32684,0.32684
0.12166,0.12166,0.12166,0.12166,0.12166
0.00644,0.00644,0.00644,0.00644,0.00644
0,0,0,0,0
0,0,0,0,0
0,0,0,0,0
0,0,0,0,0
0,0,0,0,0
0,0,0,0,0
0,0,0,0,0
0,0,0,0,0
0,0,0,0,0
0,0,0,0,0
0,0,0,0,0
0.0229,0.0229,0.0229,0.0229,0.0229
0.18968,0.18968,0.18968,0.18968,0.18968
0.39839,0.39839,0.39839,0.39839,0.39839
0.56995,0.56995,0.56995,0.56995,0.56995
0.69325,0.69325,0.69325,0.69325,0.69325
0.7631,0.7631,0.7631,0.7631,0.7631
0.77821,0.77821,0.77821,0.77821,0.77821
0.74289,0.74289,0.74289,0.74289,0.74289
0.65466,0.65466,0.65466,0.65466,0.65466
0.51269,0.51269,0.51269,0.51269,0.51269
0.32768,0.32768,0.32768,0.32768,0.32768
0.12177,0.12177,0.12177,0.12177,0.12177
0.00778,0.00778,0.00778,0.00778,0.00778
0,0,0,0,0
0,0,0,0,0
0,0,0,0,0
0,0,0,0,0
0,0,0,0,0
0,0,0,0,0
0,0,0,0,0
0,0,0,0,0
0,0,0,0,0
0,0,0,0,0
0,0,0,0,0
0.02757,0.02757,0.02757,0.02757,0.02757
0.18692,0.18692,0.18692,0.18692,0.18692
0.39276,0.39276,0.39276,0.39276,0.39276
0.56458,0.56458,0.56458,0.56458,0.56458
0.68904,0.68904,0.68904,0.68904,0.68904
0.76091,0.76091,0.76091,0.76091,0.76091
0.7758,0.7758,0.7758,0.7758,0.7758
0.73925,0.73925,0.73925,0.73925,0.73925
0.6514,0.6514,0.6514,0.6514,0.6514
0.51434,0.51434,0.51434,0.51434,0.51434
0.32936,0.32936,0.32936,0.32936,0.32936
0.12284,0.12284,0.12284,0.12284,0.12284
0.00687,0.00687,0.00687,0.00687,0.00687
0,0,0,0,0
0,0,0,0,0
0,0,0,0,0
0,0,0,0,0
0,0,0,0,0
0,0,0,0,0
0,0,0,0,0
0,0,0,0,0
0,0,0,0,0
0,0,0,0,0
0,0,0,0,0
0.02627,0.02627,0.02627,0.02627,0.02627
0.18864,0.18864,0.18864,0.18864,0.18864
0.39717,0.39717,0.39717,0.39717,0.39717
0.57223,0.57223,0.57223,0.57223,0.57223
0.69676,0.69676,0.69676,0.69676,0.69676
0.76739,0.76739,0.76739,0.76739,0.76739
0.77437,0.77437,0.77437,0.77437,0.77437
0.73382,0.73382,0.73382,0.73382,0.73382
0.64312,0.64312,0.64312,0.64312,0.64312
0.49818,0.49818,0.49818,0.49818,0.49818
0.31326,0.31326,0.31326,0.31326,0.31326
0.11757,0.11757,0.11757,0.11757,0.11757
0.00688,0.00688,0.00688,0.00688,0.00688
0,0,0,0,0
0,0,0,0,0
0,0,0,0,0
0,0,0,0,0
0,0,0,0,0
0,0,0,0,0
0,0,0,0,0
0,0,0,0,0
0,0,0,0,0
0,0,0,0,0
0,0,0,0,0
0.03117,0.03117,0.03117,0.03117,0.03117
0.16783,0.16783,0.16783,0.16783,0.16783
0.11867,0.11867,0.11867,0.11867,0.11867
0.22919,0.22919,0.22919,0.22919,0.22919
0.69486,0.69486,0.69486,0.69486,0.69486
0.76557,0.76557,0.76557,0.76557,0.76557
0.77647,0.77647,0.77647,0.77647,0.77647
0.74118,0.74118,0.74118,0.74118,0.74118
0.65345,0.65345,0.65345,0.65345,0.65345
0.51324,0.51324,0.51324,0.51324,0.51324
0.32928,0.32928,0.32928,0.32928,0.32928
0.12444,0.12444,0.12444,0.12444,0.12444
0.00758,0.00758,0.00758,0.00758,0.00758
0,0,0,0,0
0,0,0,0,0
0,0,0,0,0
0,0,0,0,0
0,0,0,0,0
0,0,0,0,0
0,0,0,0,0
0,0,0,0,0
0,0,0,0,0
0,0,0,0,0
0,0,0,0,0
0.02511,0.02511,0.02511,0.02511,0.02511
0.18897,0.18897,0.18897,0.18897,0.18897
0.39823,0.39823,0.39823,0.39823,0.39823
0.5673,0.5673,0.5673,0.5673,0.5673
0.69447,0.69447,0.69447,0.69447,0.69447
0.76719,0.76719,0.76719,0.76719,0.76719
0.78661,0.78661,0.78661,0.78661,0.78661
0.75173,0.75173,0.75173,0.75173,0.75173
0.66146,0.66146,0.66146,0.66146,0.66146
0.51951,0.51951,0.51951,0.51951,0.51951
0.33175,0.33175,0.33175,0.33175,0.33175
0.12341,0.12341,0.12341,0.12341,0.12341
0.00719,0.00719,0.00719,0.00719,0.00719
0,0,0,0,0
0,0,0,0,0
0,0,0,0,0
0,0,0,0,0
0,0,0,0,0
0,0,0,0,0
0,0,0,0,0
0,0,0,0,0
0,0,0,0,0
0,0,0,0,0
0,0,0,0,0
0.02444,0.02444,0.02444,0.02444,0.02444
0.1862,0.1862,0.1862,0.1862,0.1862
0.39256,0.39256,0.39256,0.39256,0.39256
0.56245,0.56245,0.56245,0.56245,0.56245
0.68264,0.68264,0.68264,0.68264,0.68264
0.75192,0.75192,0.75192,0.75192,0.75192
0.76386,0.76386,0.76386,0.76386,0.76386
0.7283,0.7283,0.7283,0.7283,0.7283
0.64254,0.64254,0.64254,0.64254,0.64254
0.50438,0.50438,0.50438,0.50438,0.50438
0.19907,0.19907,0.19907,0.19907,0.19907
0.08115,0.08115,0.08115,0.08115,0.08115
0.00447,0.00447,0.00447,0.00447,0.00447
0,0,0,0,0
0,0,0,0,0
0,0,0,0,0
0,0,0,0,0
0,0,0,0,0
0,0,0,0,0
0,0,0,0,0
0,0,0,0,0
0,0,0,0,0
0,0,0,0,0
0,0,0,0,0
0.02187,0.02187,0.02187,0.02187,0.02187
0.18675,0.18675,0.18675,0.18675,0.18675
0.3944,0.3944,0.3944,0.3944,0.3944
0.56488,0.56488,0.56488,0.56488,0.56488
0.68613,0.68613,0.68613,0.68613,0.68613
0.75513,0.75513,0.75513,0.75513,0.75513
0.76612,0.76612,0.76612,0.76612,0.76612
0.72712,0.72712,0.72712,0.72712,0.72712
0.44864,0.44864,0.44864,0.44864,0.44864
0.05803,0.05803,0.05803,0.05803,0.05803
0.09939,0.09939,0.09939,0.09939,0.09939
0.11334,0.11334,0.11334,0.11334,0.11334
0.00667,0.00667,0.00667,0.00667,0.00667
0,0,0,0,0
0,0,0,0,0
0,0,0,0,0
0,0,0,0,0
0,0,0,0,0
0,0,0,0,0
0,0,0,0,0
0,0,0,0,0
0,0,0,0,0
0,0,0,0,0
0,0,0,0,0
0.02201,0.02201,0.02201,0.02201,0.02201
0.18603,0.18603,0.18603,0.18603,0.18603
0.39241,0.39241,0.39241,0.39241,0.39241
0.5163,0.5163,0.5163,0.5163,0.5163
0.60182,0.60182,0.60182,0.60182,0.60182
0.59255,0.59255,0.59255,0.59255,0.59255
0.59266,0.59266,0.59266,0.59266,0.59266
0.55741,0.55741,0.55741,0.55741,0.55741
0.57731,0.57731,0.57731,0.57731,0.57731
0.26824,0.26824,0.26824,0.26824,0.26824
0.07093,0.07093,0.07093,0.07093,0.07093
0.05846,0.05846,0.05846,0.05846,0.05846
0.00048,0.00048,0.00048,0.00048,0.00048
0,0,0,0,0
0,0,0,0,0
0,0,0,0,0
0,0,0,0,0
0,0,0,0,0
0,0,0,0,0
0,0,0,0,0
0,0,0,0,0
0,0,0,0,0
0,0,0,0,0
0,0,0,0,0
0.02941,0.02941,0.02941,0.02941,0.02941
0.13374,0.13374,0.13374,0.13374,0.13374
0.19512,0.19512,0.19512,0.19512,0.19512
0.13212,0.13212,0.13212,0.13212,0.13212
0.57753,0.57753,0.57753,0.57753,0.57753
0.73929,0.73929,0.73929,0.73929,0.73929
0.7494,0.7494,0.7494,0.7494,0.7494
0.71348,0.71348,0.71348,0.71348,0.71348
0.56638,0.56638,0.56638,0.56638,0.56638
0.44273,0.44273,0.44273,0.44273,0.44273
0.25232,0.25232,0.25232,0.25232,0.25232
0.12506,0.12506,0.12506,0.12506,0.12506
0.00409,0.00409,0.00409,0.00409,0.00409
0,0,0,0,0
0,0,0,0,0
0,0,0,0,0
0,0,0,0,0
0,0,0,0,0
0,0,0,0,0
0,0,0,0,0
0,0,0,0,0
0,0,0,0,0
0,0,0,0,0
0,0,0,0,0
0.03068,0.03068,0.03068,0.03068,0.03068
0.18313,0.18313,0.18313,0.18313,0.18313
0.38548,0.38548,0.38548,0.38548,0.38548
0.55133,0.55133,0.55133,0.55133,0.55133
0.59722,0.59722,0.59722,0.59722,0.59722
0.58166,0.58166,0.58166,0.58166,0.58166
0.59448,0.59448,0.59448,0.59448,0.59448
0.53658,0.53658,0.53658,0.53658,0.53658
0.1673,0.1673,0.1673,0.1673,0.1673
0.26458,0.26458,0.26458,0.26458,0.26458
0.20851,0.20851,0.20851,0.20851,0.20851
0.10923,0.10923,0.10923,0.10923,0.10923
0.00535,0.00535,0.00535,0.00535,0.00535
0,0,0,0,0
0,0,0,0,0
0,0,0,0,0
0,0,0,0,0
0,0,0,0,0
0,0,0,0,0
0,0,0,0,0
0,0,0,0,0
0,0,0,0,0
0,0,0,0,0
0,0,0,0,0
0.02425,0.02425,0.02425,0.02425,0.02425
0.18175,0.18175,0.18175,0.18175,0.18175
0.38477,0.38477,0.38477,0.38477,0.38477
0.48648,0.48648,0.48648,0.48648,0.48648
0.60215,0.60215,0.60215,0.60215,0.60215
0.60931,0.60931,0.60931,0.60931,0.60931
0.5935,0.5935,0.5935,0.5935,0.5935
0.21518,0.21518,0.21518,0.21518,0.21518
0.06356,0.06356,0.06356,0.06356,0.06356
0.02596,0.02596,0.02596,0.02596,0.02596
0.1742,0.1742,0.1742,0.1742,0.1742
0.12364,0.12364,0.12364,0.12364,0.12364
0.00284,0.00284,0.00284,0.00284,0.00284
0,0,0,0,0
0,0,0,0,0
0,0,0,0,0
0,0,0,0,0
0,0,0,0,0
0,0,0,0,0
0,0,0,0,0
0,0,0,0,0
0,0,0,0,0
0,0,0,0,0
0,0,0,0,0
0.01331,0.01331,0.01331,0.01331,0.01331
0.07479,0.07479,0.07479,0.07479,0.07479
0.19153,0.19153,0.19153,0.19153,0.19153
0.36951,0.36951,0.36951,0.36951,0.36951
0.48093,0.48093,0.48093,0.48093,0.48093
0.56087,0.56087,0.56087,0.56087,0.56087
0.63865,0.63865,0.63865,0.63865,0.63865
0.58286,0.58286,0.58286,0.58286,0.58286
0.50345,0.50345,0.50345,0.50345,0.50345
0.32582,0.32582,0.32582,0.32582,0.32582
0.1998,0.1998,0.1998,0.1998,0.1998
0.06032,0.06032,0.06032,0.06032,0.06032
0.00049,0.00049,0.00049,0.00049,0.00049
0,0,0,0,0
0,0,0,0,0
0,0,0,0,0
0,0,0,0,0
0,0,0,0,0
0,0,0,0,0
0,0,0,0,0
0,0,0,0,0
0,0,0,0,0
0,0,0,0,0
0,0,0,0,0
0,0,0,0,0
0.00447,0.00447,0.00447,0.00447,0.00447
0.01564,0.01564,0.01564,0.01564,0.01564
0.10391,0.10391,0.10391,0.10391,0.10391
0.3338,0.3338,0.3338,0.3338,0.3338
0.5361,0.5361,0.5361,0.5361,0.5361
0.61923,0.61923,0.61923,0.61923,0.61923
0.25109,0.25109,0.25109,0.25109,0.25109
0.41249,0.41249,0.41249,0.41249,0.41249
0.13415,0.13415,0.13415,0.13415,0.13415
0.12435,0.12435,0.12435,0.12435,0.12435
0.05954,0.05954,0.05954,0.05954,0.05954
0.00048,0.00048,0.00048,0.00048,0.00048
0,0,0,0,0
0,0,0,0,0
0,0,0,0,0
0,0,0,0,0
0,0,0,0,0
0,0,0,0,0
0,0,0,0,0
0,0,0,0,0
0,0,0,0,0
0,0,0,0,0
0,0,0,0,0
0.02244,0.02244,0.02244,0.02244,0.02244
0.18526,0.18526,0.18526,0.18526,0.18526
0.31052,0.31052,0.31052,0.31052,0.31052
0.52087,0.52087,0.52087,0.52087,0.52087
0.51351,0.51351,0.51351,0.51351,0.51351
0.61421,0.61421,0.61421,0.61421,0.61421
0.59975,0.59975,0.59975,0.59975,0.59975
0.39464,0.39464,0.39464,0.39464,0.39464
0.58441,0.58441,0.58441,0.58441,0.58441
0.25865,0.25865,0.25865,0.25865,0.25865
0.18606,0.18606,0.18606,0.18606,0.18606
0.07164,0.07164,0.07164,0.07164,0.07164
0.00047,0.00047,0.00047,0.00047,0.00047
0,0,0,0,0
0,0,0,0,0
0,0,0,0,0
0,0,0,0,0
0,0,0,0,0
0,0,0,0,0
0,0,0,0,0
0,0,0,0,0
0,0,0,0,0
0,0,0,0,0
0,0,0,0,0
0.02823,0.02823,0.02823,0.02823,0.02823
0.17293,0.17293,0.17293,0.17293,0.17293
0.34232,0.34232,0.34232,0.34232,0.34232
0.51312,0.51312,0.51312,0.51312,0.51312
0.60107,0.60107,0.60107,0.60107,0.60107
0.63278,0.63278,0.63278,0.63278,0.63278
0.66575,0.66575,0.66575,0.66575,0.66575
0.64498,0.64498,0.64498,0.64498,0.64498
0.58967,0.58967,0.58967,0.58967,0.58967
0.45968,0.45968,0.45968,0.45968,0.45968
0.01548,0.01548,0.01548,0.01548,0.01548
0.00365,0.00365,0.00365,0.00365,0.00365
0,0,0,0,0
0,0,0,0,0
0,0,0,0,0
0,0,0,0,0
0,0,0,0,0
0,0,0,0,0
0,0,0,0,0
0,0,0,0,0
0,0,0,0,0
0,0,0,0,0
0,0,0,0,0
0,0,0,0,0
0.02774,0.02774,0.02774,0.02774,0.02774
0.19338,0.19338,0.19338,0.19338,0.19338
0.383,0.383,0.383,0.383,0.383
0.56355,0.56355,0.56355,0.56355,0.56355
0.68273,0.68273,0.68273,0.68273,0.68273
0.6013,0.6013,0.6013,0.6013,0.6013
0.76241,0.76241,0.76241,0.76241,0.76241
0.72775,0.72775,0.72775,0.72775,0.72775
0.58609,0.58609,0.58609,0.58609,0.58609
0.4316,0.4316,0.4316,0.4316,0.4316
0.26243,0.26243,0.26243,0.26243,0.26243
0.10886,0.10886,0.10886,0.10886,0.10886
0.00126,0.00126,0.00126,0.00126,0.00126
0,0,0,0,0
0,0,0,0,0
0,0,0,0,0
0,0,0,0,0
0,0,0,0,0
0,0,0,0,0
0,0,0,0,0
0,0,0,0,0
0,0,0,0,0
0,0,0,0,0
0,0,0,0,0
0.02254,0.02254,0.02254,0.02254,0.02254
0.17843,0.17843,0.17843,0.17843,0.17843
0.29438,0.29438,0.29438,0.29438,0.29438
0.44855,0.44855,0.44855,0.44855,0.44855
0.58543,0.58543,0.58543,0.58543,0.58543
0.6191,0.6191,0.6191,0.6191,0.6191
0.5989,0.5989,0.5989,0.5989,0.5989
0.5893,0.5893,0.5893,0.5893,0.5893
0.18322,0.18322,0.18322,0.18322,0.18322
0.0314,0.0314,0.0314,0.0314,0.0314
0.00925,0.00925,0.00925,0.00925,0.00925
0.00128,0.00128,0.00128,0.00128,0.00128
0,0,0,0,0
0,0,0,0,0
0,0,0,0,0
0,0,0,0,0
0,0,0,0,0
0,0,0,0,0
0,0,0,0,0
0,0,0,0,0
0,0,0,0,0
0,0,0,0,0
0,0,0,0,0
0,0,0,0,0
0.02495,0.02495,0.02495,0.02495,0.02495
0.1498,0.1498,0.1498,0.1498,0.1498
0.1361,0.1361,0.1361,0.1361,0.1361
0.29684,0.29684,0.29684,0.29684,0.29684
0.53361,0.53361,0.53361,0.53361,0.53361
0.5967,0.5967,0.5967,0.5967,0.5967
0.58933,0.58933,0.58933,0.58933,0.58933
0.34422,0.34422,0.34422,0.34422,0.34422
0.06689,0.06689,0.06689,0.06689,0.06689
0.11642,0.11642,0.11642,0.11642,0.11642
0.03885,0.03885,0.03885,0.03885,0.03885
0.10715,0.10715,0.10715,0.10715,0.10715
0,0,0,0,0
0,0,0,0,0
0,0,0,0,0
0,0,0,0,0
0,0,0,0,0
0,0,0,0,0
0,0,0,0,0
0,0,0,0,0
0,0,0,0,0
0,0,0,0,0
0,0,0,0,0
0,0,0,0,0
0.02158,0.02158,0.02158,0.02158,0.02158
0.13513,0.13513,0.13513,0.13513,0.13513
0.26588,0.26588,0.26588,0.26588,0.26588
0.40331,0.40331,0.40331,0.40331,0.40331
0.68422,0.68422,0.68422,0.68422,0.68422
0.60794,0.60794,0.60794,0.60794,0.60794
0.65275,0.65275,0.65275,0.65275,0.65275
0.37922,0.37922,0.37922,0.37922,0.37922
0.21899,0.21899,0.21899,0.21899,0.21899
0.32915,0.32915,0.32915,0.32915,0.32915
0.05379,0.05379,0.05379,0.05379,0.05379
0.018,0.018,0.018,0.018,0.018
0,0,0,0,0
0,0,0,0,0
0,0,0,0,0
0,0,0,0,0
0,0,0,0,0
0,0,0,0,0
0,0,0,0,0
0,0,0,0,0
0,0,0,0,0
0,0,0,0,0
0,0,0,0,0
0,0,0,0,0
0.02361,0.02361,0.02361,0.02361,0.02361
0.18534,0.18534,0.18534,0.18534,0.18534
0.39315,0.39315,0.39315,0.39315,0.39315
0.56416,0.56416,0.56416,0.56416,0.56416
0.68728,0.68728,0.68728,0.68728,0.68728
0.75724,0.75724,0.75724,0.75724,0.75724
0.77075,0.77075,0.77075,0.77075,0.77075
0.62807,0.62807,0.62807,0.62807,0.62807
0.12047,0.12047,0.12047,0.12047,0.12047
0.05157,0.05157,0.05157,0.05157,0.05157
0.04497,0.04497,0.04497,0.04497,0.04497
0.01477,0.01477,0.01477,0.01477,0.01477
0,0,0,0,0
0,0,0,0,0
0,0,0,0,0
0,0,0,0,0
0,0,0,0,0
0,0,0,0,0
0,0,0,0,0
0,0,0,0,0
0,0,0,0,0
0,0,0,0,0
0,0,0,0,0
0,0,0,0,0
0.02638,0.02638,0.02638,0.02638,0.02638
0.17716,0.17716,0.17716,0.17716,0.17716
0.35416,0.35416,0.35416,0.35416,0.35416
0.55631,0.55631,0.55631,0.55631,0.55631
0.67173,0.67173,0.67173,0.67173,0.67173
0.53385,0.53385,0.53385,0.53385,0.53385
0.64515,0.64515,0.64515,0.64515,0.64515
0.55591,0.55591,0.55591,0.55591,0.55591
0.0399,0.0399,0.0399,0.0399,0.0399
0.17395,0.17395,0.17395,0.17395,0.17395
0.13815,0.13815,0.13815,0.13815,0.13815
0.04952,0.04952,0.04952,0.04952,0.04952
0,0,0,0,0
0,0,0,0,0
0,0,0,0,0
0,0,0,0,0
0,0,0,0,0
0,0,0,0,0
0,0,0,0,0
0,0,0,0,0
0,0,0,0,0
0,0,0,0,0
0,0,0,0,0
0,0,0,0,0
0.02027,0.02027,0.02027,0.02027,0.02027
0.12359,0.12359,0.12359,0.12359,0.12359
0.19001,0.19001,0.19001,0.19001,0.19001
0.02913,0.02913,0.02913,0.02913,0.02913
0.0427,0.0427,0.0427,0.0427,0.0427
0.20752,0.20752,0.20752,0.20752,0.20752
0.3031,0.3031,0.3031,0.3031,0.3031
0.25332,0.25332,0.25332,0.25332,0.25332
0.18745,0.18745,0.18745,0.18745,0.18745
0.04007,0.04007,0.04007,0.04007,0.04007
0.08587,0.08587,0.08587,0.08587,0.08587
0.0292,0.0292,0.0292,0.0292,0.0292
0,0,0,0,0
0,0,0,0,0
0,0,0,0,0
0,0,0,0,0
0,0,0,0,0
0,0,0,0,0
0,0,0,0,0
0,0,0,0,0
0,0,0,0,0
0,0,0,0,0
0,0,0,0,0
0,0,0,0,0
0,0,0,0,0
0.00367,0.00367,0.00367,0.00367,0.00367
0.01483,0.01483,0.01483,0.01483,0.01483
0.02997,0.02997,0.02997,0.02997,0.02997
0.04351,0.04351,0.04351,0.04351,0.04351
0.05393,0.05393,0.05393,0.05393,0.05393
0.05725,0.05725,0.05725,0.05725,0.05725
0.0523,0.0523,0.0523,0.0523,0.0523
0.0412,0.0412,0.0412,0.0412,0.0412
0.03878,0.03878,0.03878,0.03878,0.03878
0.01247,0.01247,0.01247,0.01247,0.01247
0.00209,0.00209,0.00209,0.00209,0.00209
0,0,0,0,0
0,0,0,0,0
0,0,0,0,0
0,0,0,0,0
0,0,0,0,0
0,0,0,0,0
0,0,0,0,0
0,0,0,0,0
0,0,0,0,0
0,0,0,0,0
0,0,0,0,0
0,0,0,0,0
0.01007,0.01007,0.01007,0.01007,0.01007
0.06923,0.06923,0.06923,0.06923,0.06923
0.2523,0.2523,0.2523,0.2523,0.2523
0.43845,0.43845,0.43845,0.43845,0.43845
0.37333,0.37333,0.37333,0.37333,0.37333
0.65764,0.65764,0.65764,0.65764,0.65764
0.64477,0.64477,0.64477,0.64477,0.64477
0.63595,0.63595,0.63595,0.63595,0.63595
0.52863,0.52863,0.52863,0.52863,0.52863
0.31411,0.31411,0.31411,0.31411,0.31411
0.10247,0.10247,0.10247,0.10247,0.10247
0.03475,0.03475,0.03475,0.03475,0.03475
0,0,0,0,0
0,0,0,0,0
0,0,0,0,0
0,0,0,0,0
0,0,0,0,0
0,0,0,0,0
0,0,0,0,0
0,0,0,0,0
0,0,0,0,0
0,0,0,0,0
0,0,0,0,0
0,0,0,0,0
0,0,0,0,0
0.00368,0.00368,0.00368,0.00368,0.00368
0.01247,0.01247,0.01247,0.01247,0.01247
0.044,0.044,0.044,0.044,0.044
0.16152,0.16152,0.16152,0.16152,0.16152
0.25787,0.25787,0.25787,0.25787,0.25787
0.6435,0.6435,0.6435,0.6435,0.6435
0.42305,0.42305,0.42305,0.42305,0.42305
0.34163,0.34163,0.34163,0.34163,0.34163
0.2835,0.2835,0.2835,0.2835,0.2835
0.18877,0.18877,0.18877,0.18877,0.18877
0.09929,0.09929,0.09929,0.09929,0.09929
0,0,0,0,0
0,0,0,0,0
0,0,0,0,0
0,0,0,0,0
0,0,0,0,0
0,0,0,0,0
0,0,0,0,0
0,0,0,0,0
0,0,0,0,0
0,0,0,0,0
0,0,0,0,0
0,0,0,0,0
0.02428,0.02428,0.02428,0.02428,0.02428
0.14957,0.14957,0.14957,0.14957,0.14957
0.35819,0.35819,0.35819,0.35819,0.35819
0.50037,0.50037,0.50037,0.50037,0.50037
0.62081,0.62081,0.62081,0.62081,0.62081
0.71977,0.71977,0.71977,0.71977,0.71977
0.67423,0.67423,0.67423,0.67423,0.67423
0.60303,0.60303,0.60303,0.60303,0.60303
0.40371,0.40371,0.40371,0.40371,0.40371
0.39442,0.39442,0.39442,0.39442,0.39442
0.18321,0.18321,0.18321,0.18321,0.18321
0.06919,0.06919,0.06919,0.06919,0.06919
0,0,0,0,0
0,0,0,0,0
0,0,0,0,0
0,0,0,0,0
0,0,0,0,0
0,0,0,0,0
0,0,0,0,0
0,0,0,0,0
0,0,0,0,0
0,0,0,0,0
0,0,0,0,0
0,0,0,0,0
0.02413,0.02413,0.02413,0.02413,0.02413
0.15171,0.15171,0.15171,0.15171,0.15171
0.37767,0.37767,0.37767,0.37767,0.37767
0.51856,0.51856,0.51856,0.51856,0.51856
0.62356,0.62356,0.62356,0.62356,0.62356
0.68584,0.68584,0.68584,0.68584,0.68584
0.6992,0.6992,0.6992,0.6992,0.6992
0.67684,0.67684,0.67684,0.67684,0.67684
0.58933,0.58933,0.58933,0.58933,0.58933
0.46037,0.46037,0.46037,0.46037,0.46037
0.15555,0.15555,0.15555,0.15555,0.15555
0.11004,0.11004,0.11004,0.11004,0.11004
0,0,0,0,0
0,0,0,0,0
0,0,0,0,0
0,0,0,0,0
0,0,0,0,0
0,0,0,0,0
0,0,0,0,0
0,0,0,0,0
0,0,0,0,0
0,0,0,0,0
0,0,0,0,0
0,0,0,0,0
0.0077,0.0077,0.0077,0.0077,0.0077
0.00768,0.00768,0.00768,0.00768,0.00768
0.19524,0.19524,0.19524,0.19524,0.19524
0.24343,0.24343,0.24343,0.24343,0.24343
0.38248,0.38248,0.38248,0.38248,0.38248
0.42768,0.42768,0.42768,0.42768,0.42768
0.51546,0.51546,0.51546,0.51546,0.51546
0.45206,0.45206,0.45206,0.45206,0.45206
0.3735,0.3735,0.3735,0.3735,0.3735
0.31385,0.31385,0.31385,0.31385,0.31385
0.13611,0.13611,0.13611,0.13611,0.13611
0.05519,0.05519,0.05519,0.05519,0.05519
0,0,0,0,0
0,0,0,0,0
0,0,0,0,0
0,0,0,0,0
0,0,0,0,0
0,0,0,0,0
0,0,0,0,0
0,0,0,0,0
0,0,0,0,0
0,0,0,0,0
0,0,0,0,0
0,0,0,0,0
0.00771,0.00771,0.00771,0.00771,0.00771
0.08677,0.08677,0.08677,0.08677,0.08677
0.36701,0.36701,0.36701,0.36701,0.36701
0.51437,0.51437,0.51437,0.51437,0.51437
0.63947,0.63947,0.63947,0.63947,0.63947
0.46261,0.46261,0.46261,0.46261,0.46261
0.38763,0.38763,0.38763,0.38763,0.38763
0.22732,0.22732,0.22732,0.22732,0.22732
0.22688,0.22688,0.22688,0.22688,0.22688
0.27133,0.27133,0.27133,0.27133,0.27133
0.14411,0.14411,0.14411,0.14411,0.14411
0.04821,0.04821,0.04821,0.04821,0.04821
0,0,0,0,0
0,0,0,0,0
0,0,0,0,0
0,0,0,0,0
0,0,0,0,0
0,0,0,0,0
0,0,0,0,0
0,0,0,0,0
0,0,0,0,0
0,0,0,0,0
0,0,0,0,0
0,0,0,0,0
0.02644,0.02644,0.02644,0.02644,0.02644
0.19274,0.19274,0.19274,0.19274,0.19274
0.39236,0.39236,0.39236,0.39236,0.39236
0.5582,0.5582,0.5582,0.5582,0.5582
0.68511,0.68511,0.68511,0.68511,0.68511
0.71033,0.71033,0.71033,0.71033,0.71033
0.767,0.767,0.767,0.767,0.767
0.74373,0.74373,0.74373,0.74373,0.74373
0.60742,0.60742,0.60742,0.60742,0.60742
0.39154,0.39154,0.39154,0.39154,0.39154
0.24929,0.24929,0.24929,0.24929,0.24929
0.09647,0.09647,0.09647,0.09647,0.09647
0,0,0,0,0
0,0,0,0,0
0,0,0,0,0
0,0,0,0,0
0,0,0,0,0
0,0,0,0,0
0,0,0,0,0
0,0,0,0,0
0,0,0,0,0
0,0,0,0,0
0,0,0,0,0
0,0,0,0,0
0.02482,0.02482,0.02482,0.02482,0.02482
0.18937,0.18937,0.18937,0.18937,0.18937
0.38258,0.38258,0.38258,0.38258,0.38258
0.42577,0.42577,0.42577,0.42577,0.42577
0.50008,0.50008,0.50008,0.50008,0.50008
0.57355,0.57355,0.57355,0.57355,0.57355
0.68736,0.68736,0.68736,0.68736,0.68736
0.68738,0.68738,0.68738,0.68738,0.68738
0.56644,0.56644,0.56644,0.56644,0.56644
0.43676,0.43676,0.43676,0.43676,0.43676
0.27366,0.27366,0.27366,0.27366,0.27366
0.10223,0.10223,0.10223,0.10223,0.10223
0,0,0,0,0
0,0,0,0,0
0,0,0,0,0
0,0,0,0,0
0,0,0,0,0
0,0,0,0,0
0,0,0,0,0
0,0,0,0,0
0,0,0,0,0
0,0,0,0,0
0,0,0,0,0
0,0,0,0,0
0.0013,0.0013,0.0013,0.0013,0.0013
0.00449,0.00449,0.00449,0.00449,0.00449
0.28738,0.28738,0.28738,0.28738,0.28738
0.55631,0.55631,0.55631,0.55631,0.55631
0.70344,0.70344,0.70344,0.70344,0.70344
0.78657,0.78657,0.78657,0.78657,0.78657
0.80286,0.80286,0.80286,0.80286,0.80286
0.76179,0.76179,0.76179,0.76179,0.76179
0.66498,0.66498,0.66498,0.66498,0.66498
0.51617,0.51617,0.51617,0.51617,0.51617
0.32,0.32,0.32,0.32,0.32
0.09922,0.09922,0.09922,0.09922,0.09922
0,0,0,0,0
0,0,0,0,0
0,0,0,0,0
0,0,0,0,0
0,0,0,0,0
0,0,0,0,0
0,0,0,0,0
0,0,0,0,0
0,0,0,0,0
0,0,0,0,0
0,0,0,0,0
0,0,0,0,0
0.02445,0.02445,0.02445,0.02445,0.02445
0.18319,0.18319,0.18319,0.18319,0.18319
0.36574,0.36574,0.36574,0.36574,0.36574
0.55965,0.55965,0.55965,0.55965,0.55965
0.68688,0.68688,0.68688,0.68688,0.68688
0.72489,0.72489,0.72489,0.72489,0.72489
0.74793,0.74793,0.74793,0.74793,0.74793
0.74804,0.74804,0.74804,0.74804,0.74804
0.65252,0.65252,0.65252,0.65252,0.65252
0.50757,0.50757,0.50757,0.50757,0.50757
0.31346,0.31346,0.31346,0.31346,0.31346
0.10402,0.10402,0.10402,0.10402,0.10402
0,0,0,0,0
0,0,0,0,0
0,0,0,0,0
0,0,0,0,0
0,0,0,0,0
0,0,0,0,0
0,0,0,0,0
0,0,0,0,0
0,0,0,0,0
0,0,0,0,0
0,0,0,0,0
0,0,0,0,0
0.01582,0.01582,0.01582,0.01582,0.01582
0.11055,0.11055,0.11055,0.11055,0.11055
0.2872,0.2872,0.2872,0.2872,0.2872
0.35663,0.35663,0.35663,0.35663,0.35663
0.36793,0.36793,0.36793,0.36793,0.36793
0.33262,0.33262,0.33262,0.33262,0.33262
0.22324,0.22324,0.22324,0.22324,0.22324
0.11647,0.11647,0.11647,0.11647,0.11647
0.10612,0.10612,0.10612,0.10612,0.10612
0.06424,0.06424,0.06424,0.06424,0.06424
0.04443,0.04443,0.04443,0.04443,0.04443
0.02133,0.02133,0.02133,0.02133,0.02133
0,0,0,0,0
0,0,0,0,0
0,0,0,0,0
0,0,0,0,0
0,0,0,0,0
0,0,0,0,0
0,0,0,0,0
0,0,0,0,0
0,0,0,0,0
0,0,0,0,0
0,0,0,0,0
0,0,0,0,0
0.01417,0.01417,0.01417,0.01417,0.01417
0.09993,0.09993,0.09993,0.09993,0.09993
0.21872,0.21872,0.21872,0.21872,0.21872
0.29974,0.29974,0.29974,0.29974,0.29974
0.34104,0.34104,0.34104,0.34104,0.34104
0.54678,0.54678,0.54678,0.54678,0.54678
0.50222,0.50222,0.50222,0.50222,0.50222
0.38211,0.38211,0.38211,0.38211,0.38211
0.34308,0.34308,0.34308,0.34308,0.34308
0.32217,0.32217,0.32217,0.32217,0.32217
0.18227,0.18227,0.18227,0.18227,0.18227
0.06312,0.06312,0.06312,0.06312,0.06312
0,0,0,0,0
0,0,0,0,0
0,0,0,0,0
0,0,0,0,0
0,0,0,0,0
0,0,0,0,0
0,0,0,0,0
0,0,0,0,0
0,0,0,0,0
0,0,0,0,0
0,0,0,0,0
0,0,0,0,0
0.02542,0.02542,0.02542,0.02542,0.02542
0.19202,0.19202,0.19202,0.19202,0.19202
0.38073,0.38073,0.38073,0.38073,0.38073
0.47289,0.47289,0.47289,0.47289,0.47289
0.58782,0.58782,0.58782,0.58782,0.58782
0.55511,0.55511,0.55511,0.55511,0.55511
0.61991,0.61991,0.61991,0.61991,0.61991
0.57721,0.57721,0.57721,0.57721,0.57721
0.17461,0.17461,0.17461,0.17461,0.17461
0.06257,0.06257,0.06257,0.06257,0.06257
0.03002,0.03002,0.03002,0.03002,0.03002
0.01489,0.01489,0.01489,0.01489,0.01489
0,0,0,0,0
0,0,0,0,0
0,0,0,0,0
0,0,0,0,0
0,0,0,0,0
0,0,0,0,0
0,0,0,0,0
0,0,0,0,0
0,0,0,0,0
0,0,0,0,0
0,0,0,0,0
0,0,0,0,0
0.02018,0.02018,0.02018,0.02018,0.02018
0.09303,0.09303,0.09303,0.09303,0.09303
0.26976,0.26976,0.26976,0.26976,0.26976
0.45353,0.45353,0.45353,0.45353,0.45353
0.58246,0.58246,0.58246,0.58246,0.58246
0.56328,0.56328,0.56328,0.56328,0.56328
0.45373,0.45373,0.45373,0.45373,0.45373
0.60113,0.60113,0.60113,0.60113,0.60113
0.45024,0.45024,0.45024,0.45024,0.45024
0.12645,0.12645,0.12645,0.12645,0.12645
0.06649,0.06649,0.06649,0.06649,0.06649
0.03012,0.03012,0.03012,0.03012,0.03012
0,0,0,0,0
0,0,0,0,0
0,0,0,0,0
0,0,0,0,0
0,0,0,0,0
0,0,0,0,0
0,0,0,0,0
0,0,0,0,0
0,0,0,0,0
0,0,0,0,0
0,0,0,0,0
0,0,0,0,0
0.00226,0.00226,0.00226,0.00226,0.00226
0.18863,0.18863,0.18863,0.18863,0.18863
0.40662,0.40662,0.40662,0.40662,0.40662
0.57802,0.57802,0.57802,0.57802,0.57802
0.67557,0.67557,0.67557,0.67557,0.67557
0.63832,0.63832,0.63832,0.63832,0.63832
0.59564,0.59564,0.59564,0.59564,0.59564
0.74188,0.74188,0.74188,0.74188,0.74188
0.64451,0.64451,0.64451,0.64451,0.64451
0.4976,0.4976,0.4976,0.4976,0.4976
0.28885,0.28885,0.28885,0.28885,0.28885
0.09344,0.09344,0.09344,0.09344,0.09344
0,0,0,0,0
0,0,0,0,0
0,0,0,0,0
0,0,0,0,0
0,0,0,0,0
0,0,0,0,0
0,0,0,0,0
0,0,0,0,0
0,0,0,0,0
0,0,0,0,0
0,0,0,0,0
0,0,0,0,0
0.02379,0.02379,0.02379,0.02379,0.02379
0.19648,0.19648,0.19648,0.19648,0.19648
0.38031,0.38031,0.38031,0.38031,0.38031
0.55192,0.55192,0.55192,0.55192,0.55192
0.66245,0.66245,0.66245,0.66245,0.66245
0.76419,0.76419,0.76419,0.76419,0.76419
0.72866,0.72866,0.72866,0.72866,0.72866
0.55579,0.55579,0.55579,0.55579,0.55579
0.62825,0.62825,0.62825,0.62825,0.62825
0.44066,0.44066,0.44066,0.44066,0.44066
0.28849,0.28849,0.28849,0.28849,0.28849
0.07449,0.07449,0.07449,0.07449,0.07449
0,0,0,0,0
0,0,0,0,0
0,0,0,0,0
0,0,0,0,0
0,0,0,0,0
0,0,0,0,0
0,0,0,0,0
0,0,0,0,0
0,0,0,0,0
0,0,0,0,0
0,0,0,0,0
0,0,0,0,0
0.01889,0.01889,0.01889,0.01889,0.01889
0.17942,0.17942,0.17942,0.17942,0.17942
0.3669,0.3669,0.3669,0.3669,0.3669
0.57441,0.57441,0.57441,0.57441,0.57441
0.69544,0.69544,0.69544,0.69544,0.69544
0.68587,0.68587,0.68587,0.68587,0.68587
0.77407,0.77407,0.77407,0.77407,0.77407
0.73387,0.73387,0.73387,0.73387,0.73387
0.64022,0.64022,0.64022,0.64022,0.64022
0.4948,0.4948,0.4948,0.4948,0.4948
0.29861,0.29861,0.29861,0.29861,0.29861
0.09089,0.09089,0.09089,0.09089,0.09089
0,0,0,0,0
0,0,0,0,0
0,0,0,0,0
0,0,0,0,0
0,0,0,0,0
0,0,0,0,0
0,0,0,0,0
0,0,0,0,0
0,0,0,0,0
0,0,0,0,0
0,0,0,0,0
0,0,0,0,0
0.02822,0.02822,0.02822,0.02822,0.02822
0.20096,0.20096,0.20096,0.20096,0.20096
0.41652,0.41652,0.41652,0.41652,0.41652
0.59058,0.59058,0.59058,0.59058,0.59058
0.71613,0.71613,0.71613,0.71613,0.71613
0.78491,0.78491,0.78491,0.78491,0.78491
0.79898,0.79898,0.79898,0.79898,0.79898
0.75744,0.75744,0.75744,0.75744,0.75744
0.65963,0.65963,0.65963,0.65963,0.65963
0.50594,0.50594,0.50594,0.50594,0.50594
0.30924,0.30924,0.30924,0.30924,0.30924
0.09552,0.09552,0.09552,0.09552,0.09552
0,0,0,0,0
0,0,0,0,0
0,0,0,0,0
0,0,0,0,0
0,0,0,0,0
0,0,0,0,0
0,0,0,0,0
0,0,0,0,0
0,0,0,0,0
0,0,0,0,0
0,0,0,0,0
0,0,0,0,0
0.02839,0.02839,0.02839,0.02839,0.02839
0.20475,0.20475,0.20475,0.20475,0.20475
0.41803,0.41803,0.41803,0.41803,0.41803
0.59251,0.59251,0.59251,0.59251,0.59251
0.7131,0.7131,0.7131,0.7131,0.7131
0.7803,0.7803,0.7803,0.7803,0.7803
0.79049,0.79049,0.79049,0.79049,0.79049
0.74898,0.74898,0.74898,0.74898,0.74898
0.65286,0.65286,0.65286,0.65286,0.65286
0.50356,0.50356,0.50356,0.50356,0.50356
0.30735,0.30735,0.30735,0.30735,0.30735
0.09388,0.09388,0.09388,0.09388,0.09388
0,0,0,0,0
0,0,0,0,0
0,0,0,0,0
0,0,0,0,0
0,0,0,0,0
0,0,0,0,0
0,0,0,0,0
0,0,0,0,0
0,0,0,0,0
0,0,0,0,0
0,0,0,0,0
0,0,0,0,0
0.027,0.027,0.027,0.027,0.027
0.16753,0.16753,0.16753,0.16753,0.16753
0.29462,0.29462,0.29462,0.29462,0.29462
0.52375,0.52375,0.52375,0.52375,0.52375
0.68662,0.68662,0.68662,0.68662,0.68662
0.71407,0.71407,0.71407,0.71407,0.71407
0.78249,0.78249,0.78249,0.78249,0.78249
0.73124,0.73124,0.73124,0.73124,0.73124
0.64351,0.64351,0.64351,0.64351,0.64351
0.47835,0.47835,0.47835,0.47835,0.47835
0.28813,0.28813,0.28813,0.28813,0.28813
0.08881,0.08881,0.08881,0.08881,0.08881
0,0,0,0,0
0,0,0,0,0
0,0,0,0,0
0,0,0,0,0
0,0,0,0,0
0,0,0,0,0
0,0,0,0,0
0,0,0,0,0
0,0,0,0,0
0,0,0,0,0
0,0,0,0,0
0,0,0,0,0
0.02956,0.02956,0.02956,0.02956,0.02956
0.20457,0.20457,0.20457,0.20457,0.20457
0.413,0.413,0.413,0.413,0.413
0.58355,0.58355,0.58355,0.58355,0.58355
0.7035,0.7035,0.7035,0.7035,0.7035
0.70202,0.70202,0.70202,0.70202,0.70202
0.68512,0.68512,0.68512,0.68512,0.68512
0.71148,0.71148,0.71148,0.71148,0.71148
0.63359,0.63359,0.63359,0.63359,0.63359
0.43771,0.43771,0.43771,0.43771,0.43771
0.24313,0.24313,0.24313,0.24313,0.24313
0.06756,0.06756,0.06756,0.06756,0.06756
0,0,0,0,0
0,0,0,0,0
0,0,0,0,0
0,0,0,0,0
0,0,0,0,0
0,0,0,0,0
0,0,0,0,0
0,0,0,0,0
0,0,0,0,0
0,0,0,0,0
0,0,0,0,0
0,0,0,0,0
0.02146,0.02146,0.02146,0.02146,0.02146
0.09378,0.09378,0.09378,0.09378,0.09378
0.25035,0.25035,0.25035,0.25035,0.25035
0.31104,0.31104,0.31104,0.31104,0.31104
0.51747,0.51747,0.51747,0.51747,0.51747
0.47664,0.47664,0.47664,0.47664,0.47664
0.47147,0.47147,0.47147,0.47147,0.47147
0.55814,0.55814,0.55814,0.55814,0.55814
0.46138,0.46138,0.46138,0.46138,0.46138
0.38078,0.38078,0.38078,0.38078,0.38078
0.12294,0.12294,0.12294,0.12294,0.12294
0.03352,0.03352,0.03352,0.03352,0.03352
0,0,0,0,0
0,0,0,0,0
0,0,0,0,0
0,0,0,0,0
0,0,0,0,0
0,0,0,0,0
0,0,0,0,0
0,0,0,0,0
0,0,0,0,0
0,0,0,0,0
0,0,0,0,0
0,0,0,0,0
0.00612,0.00612,0.00612,0.00612,0.00612
0.06821,0.06821,0.06821,0.06821,0.06821
0.29927,0.29927,0.29927,0.29927,0.29927
0.22561,0.22561,0.22561,0.22561,0.22561
0.3618,0.3618,0.3618,0.3618,0.3618
0.30937,0.30937,0.30937,0.30937,0.30937
0.49827,0.49827,0.49827,0.49827,0.49827
0.51068,0.51068,0.51068,0.51068,0.51068
0.26015,0.26015,0.26015,0.26015,0.26015
0.19173,0.19173,0.19173,0.19173,0.19173
0.12317,0.12317,0.12317,0.12317,0.12317
0.01729,0.01729,0.01729,0.01729,0.01729
0,0,0,0,0
0,0,0,0,0
0,0,0,0,0
0,0,0,0,0
0,0,0,0,0
0,0,0,0,0
0,0,0,0,0
0,0,0,0,0
0,0,0,0,0
0,0,0,0,0
0,0,0,0,0
0,0,0,0,0
0.01073,0.01073,0.01073,0.01073,0.01073
0.0811,0.0811,0.0811,0.0811,0.0811
0.07474,0.07474,0.07474,0.07474,0.07474
0.08604,0.08604,0.08604,0.08604,0.08604
0.21998,0.21998,0.21998,0.21998,0.21998
0.20681,0.20681,0.20681,0.20681,0.20681
0.32842,0.32842,0.32842,0.32842,0.32842
0.15827,0.15827,0.15827,0.15827,0.15827
0.13525,0.13525,0.13525,0.13525,0.13525
0.05232,0.05232,0.05232,0.05232,0.05232
0.04045,0.04045,0.04045,0.04045,0.04045
0.01892,0.01892,0.01892,0.01892,0.01892
0,0,0,0,0
0,0,0,0,0
0,0,0,0,0
0,0,0,0,0
0,0,0,0,0
0,0,0,0,0
0,0,0,0,0
0,0,0,0,0
0,0,0,0,0
0,0,0,0,0
0,0,0,0,0
0,0,0,0,0
0.00132,0.00132,0.00132,0.00132,0.00132
0.01654,0.01654,0.01654,0.01654,0.01654
0.11598,0.11598,0.11598,0.11598,0.11598
0.24365,0.24365,0.24365,0.24365,0.24365
0.37996,0.37996,0.37996,0.37996,0.37996
0.37111,0.37111,0.37111,0.37111,0.37111
0.16296,0.16296,0.16296,0.16296,0.16296
0.22948,0.22948,0.22948,0.22948,0.22948
0.17371,0.17371,0.17371,0.17371,0.17371
0.05176,0.05176,0.05176,0.05176,0.05176
0.0398,0.0398,0.0398,0.0398,0.0398
0.02462,0.02462,0.02462,0.02462,0.02462
0,0,0,0,0
0,0,0,0,0
0,0,0,0,0
0,0,0,0,0
0,0,0,0,0
0,0,0,0,0
0,0,0,0,0
0,0,0,0,0
0,0,0,0,0
0,0,0,0,0
0,0,0,0,0
0,0,0,0,0
0,0,0,0,0
0.00374,0.00374,0.00374,0.00374,0.00374
0.05428,0.05428,0.05428,0.05428,0.05428
0.05271,0.05271,0.05271,0.05271,0.05271
0.13201,0.13201,0.13201,0.13201,0.13201
0.18689,0.18689,0.18689,0.18689,0.18689
0.29229,0.29229,0.29229,0.29229,0.29229
0.19186,0.19186,0.19186,0.19186,0.19186
0.29708,0.29708,0.29708,0.29708,0.29708
0.30891,0.30891,0.30891,0.30891,0.30891
0.07991,0.07991,0.07991,0.07991,0.07991
0.01743,0.01743,0.01743,0.01743,0.01743
0,0,0,0,0
0,0,0,0,0
0,0,0,0,0
0,0,0,0,0
0,0,0,0,0
0,0,0,0,0
0,0,0,0,0
0,0,0,0,0
0,0,0,0,0
0,0,0,0,0
0,0,0,0,0
0,0,0,0,0
0,0,0,0,0
0.00855,0.00855,0.00855,0.00855,0.00855
0.07994,0.07994,0.07994,0.07994,0.07994
0.08068,0.08068,0.08068,0.08068,0.08068
0.12158,0.12158,0.12158,0.12158,0.12158
0.33226,0.33226,0.33226,0.33226,0.33226
0.45024,0.45024,0.45024,0.45024,0.45024
0.34744,0.34744,0.34744,0.34744,0.34744
0.45895,0.45895,0.45895,0.45895,0.45895
0.19724,0.19724,0.19724,0.19724,0.19724
0.04865,0.04865,0.04865,0.04865,0.04865
0.01743,0.01743,0.01743,0.01743,0.01743
0,0,0,0,0
0,0,0,0,0
0,0,0,0,0
0,0,0,0,0
0,0,0,0,0
0,0,0,0,0
0,0,0,0,0
0,0,0,0,0
0,0,0,0,0
0,0,0,0,0
0,0,0,0,0
0,0,0,0,0
0,0,0,0,0
0.01978,0.01978,0.01978,0.01978,0.01978
0.03661,0.03661,0.03661,0.03661,0.03661
0.11654,0.11654,0.11654,0.11654,0.11654
0.2656,0.2656,0.2656,0.2656,0.2656
0.44191,0.44191,0.44191,0.44191,0.44191
0.39443,0.39443,0.39443,0.39443,0.39443
0.36783,0.36783,0.36783,0.36783,0.36783
0.30604,0.30604,0.30604,0.30604,0.30604
0.21672,0.21672,0.21672,0.21672,0.21672
0.05724,0.05724,0.05724,0.05724,0.05724
0.02222,0.02222,0.02222,0.02222,0.02222
0,0,0,0,0
0,0,0,0,0
0,0,0,0,0
0,0,0,0,0
0,0,0,0,0
0,0,0,0,0
0,0,0,0,0
0,0,0,0,0
0,0,0,0,0
0,0,0,0,0
0,0,0,0,0
0,0,0,0,0
0.01719,0.01719,0.01719,0.01719,0.01719
0.06599,0.06599,0.06599,0.06599,0.06599
0.10443,0.10443,0.10443,0.10443,0.10443
0.13333,0.13333,0.13333,0.13333,0.13333
0.33169,0.33169,0.33169,0.33169,0.33169
0.28455,0.28455,0.28455,0.28455,0.28455
0.24332,0.24332,0.24332,0.24332,0.24332
0.21773,0.21773,0.21773,0.21773,0.21773
0.39468,0.39468,0.39468,0.39468,0.39468
0.35847,0.35847,0.35847,0.35847,0.35847
0.18355,0.18355,0.18355,0.18355,0.18355
0.056,0.056,0.056,0.056,0.056
0,0,0,0,0
0,0,0,0,0
0,0,0,0,0
0,0,0,0,0
0,0,0,0,0
0,0,0,0,0
0,0,0,0,0
0,0,0,0,0
0,0,0,0,0
0,0,0,0,0
0,0,0,0,0
0,0,0,0,0
0.02667,0.02667,0.02667,0.02667,0.02667
0.20576,0.20576,0.20576,0.20576,0.20576
0.40693,0.40693,0.40693,0.40693,0.40693
0.58463,0.58463,0.58463,0.58463,0.58463
0.63957,0.63957,0.63957,0.63957,0.63957
0.60593,0.60593,0.60593,0.60593,0.60593
0.485,0.485,0.485,0.485,0.485
0.35875,0.35875,0.35875,0.35875,0.35875
0.30132,0.30132,0.30132,0.30132,0.30132
0.32093,0.32093,0.32093,0.32093,0.32093
0.06643,0.06643,0.06643,0.06643,0.06643
0.00845,0.00845,0.00845,0.00845,0.00845
0,0,0,0,0
0,0,0,0,0
0,0,0,0,0
0,0,0,0,0
0,0,0,0,0
0,0,0,0,0
0,0,0,0,0
0,0,0,0,0
0,0,0,0,0
0,0,0,0,0
0,0,0,0,0
0,0,0,0,0
0.01618,0.01618,0.01618,0.01618,0.01618
0.18064,0.18064,0.18064,0.18064,0.18064
0.37241,0.37241,0.37241,0.37241,0.37241
0.51785,0.51785,0.51785,0.51785,0.51785
0.6133,0.6133,0.6133,0.6133,0.6133
0.62719,0.62719,0.62719,0.62719,0.62719
0.56591,0.56591,0.56591,0.56591,0.56591
0.5819,0.5819,0.5819,0.5819,0.5819
0.1483,0.1483,0.1483,0.1483,0.1483
0.03465,0.03465,0.03465,0.03465,0.03465
0.04692,0.04692,0.04692,0.04692,0.04692
0.02911,0.02911,0.02911,0.02911,0.02911
0,0,0,0,0
0,0,0,0,0
0,0,0,0,0
0,0,0,0,0
0,0,0,0,0
0,0,0,0,0
0,0,0,0,0
0,0,0,0,0
0,0,0,0,0
0,0,0,0,0
0,0,0,0,0
0,0,0,0,0
0.00906,0.00906,0.00906,0.00906,0.00906
0.11361,0.11361,0.11361,0.11361,0.11361
0.24671,0.24671,0.24671,0.24671,0.24671
0.36659,0.36659,0.36659,0.36659,0.36659
0.503,0.503,0.503,0.503,0.503
0.67051,0.67051,0.67051,0.67051,0.67051
0.54954,0.54954,0.54954,0.54954,0.54954
0.50846,0.50846,0.50846,0.50846,0.50846
0.36464,0.36464,0.36464,0.36464,0.36464
0.28565,0.28565,0.28565,0.28565,0.28565
0.22618,0.22618,0.22618,0.22618,0.22618
0.0414,0.0414,0.0414,0.0414,0.0414
0,0,0,0,0
0,0,0,0,0
0,0,0,0,0
0,0,0,0,0
0,0,0,0,0
0,0,0,0,0
0,0,0,0,0
0,0,0,0,0
0,0,0,0,0
0,0,0,0,0
0,0,0,0,0
0,0,0,0,0
0.03131,0.03131,0.03131,0.03131,0.03131
0.20845,0.20845,0.20845,0.20845,0.20845
0.41409,0.41409,0.41409,0.41409,0.41409
0.57892,0.57892,0.57892,0.57892,0.57892
0.69161,0.69161,0.69161,0.69161,0.69161
0.75285,0.75285,0.75285,0.75285,0.75285
0.7695,0.7695,0.7695,0.7695,0.7695
0.61323,0.61323,0.61323,0.61323,0.61323
0.6238,0.6238,0.6238,0.6238,0.6238
0.31317,0.31317,0.31317,0.31317,0.31317
0.27095,0.27095,0.27095,0.27095,0.27095
0.06848,0.06848,0.06848,0.06848,0.06848
0,0,0,0,0
0,0,0,0,0
0,0,0,0,0
0,0,0,0,0
0,0,0,0,0
0,0,0,0,0
0,0,0,0,0
0,0,0,0,0
0,0,0,0,0
0,0,0,0,0
0,0,0,0,0
0,0,0,0,0
0.02581,0.02581,0.02581,0.02581,0.02581
0.20246,0.20246,0.20246,0.20246,0.20246
0.41062,0.41062,0.41062,0.41062,0.41062
0.57743,0.57743,0.57743,0.57743,0.57743
0.69435,0.69435,0.69435,0.69435,0.69435
0.75764,0.75764,0.75764,0.75764,0.75764
0.61482,0.61482,0.61482,0.61482,0.61482
0.56547,0.56547,0.56547,0.56547,0.56547
0.61307,0.61307,0.61307,0.61307,0.61307
0.45863,0.45863,0.45863,0.45863,0.45863
0.23913,0.23913,0.23913,0.23913,0.23913
0.06568,0.06568,0.06568,0.06568,0.06568
0,0,0,0,0
0,0,0,0,0
0,0,0,0,0
0,0,0,0,0
0,0,0,0,0
0,0,0,0,0
0,0,0,0,0
0,0,0,0,0
0,0,0,0,0
0,0,0,0,0
0,0,0,0,0
0,0,0,0,0
0.00934,0.00934,0.00934,0.00934,0.00934
0.10849,0.10849,0.10849,0.10849,0.10849
0.3406,0.3406,0.3406,0.3406,0.3406
0.57228,0.57228,0.57228,0.57228,0.57228
0.68577,0.68577,0.68577,0.68577,0.68577
0.7474,0.7474,0.7474,0.7474,0.7474
0.63362,0.63362,0.63362,0.63362,0.63362
0.7048,0.7048,0.7048,0.7048,0.7048
0.52689,0.52689,0.52689,0.52689,0.52689
0.32045,0.32045,0.32045,0.32045,0.32045
0.1989,0.1989,0.1989,0.1989,0.1989
0.05049,0.05049,0.05049,0.05049,0.05049
0,0,0,0,0
0,0,0,0,0
0,0,0,0,0
0,0,0,0,0
0,0,0,0,0
0,0,0,0,0
0,0,0,0,0
0,0,0,0,0
0,0,0,0,0
0,0,0,0,0
0,0,0,0,0
0,0,0,0,0
0.01671,0.01671,0.01671,0.01671,0.01671
0.15076,0.15076,0.15076,0.15076,0.15076
0.3254,0.3254,0.3254,0.3254,0.3254
0.48877,0.48877,0.48877,0.48877,0.48877
0.54439,0.54439,0.54439,0.54439,0.54439
0.55214,0.55214,0.55214,0.55214,0.55214
0.61094,0.61094,0.61094,0.61094,0.61094
0.60649,0.60649,0.60649,0.60649,0.60649
0.32721,0.32721,0.32721,0.32721,0.32721
0.29816,0.29816,0.29816,0.29816,0.29816
0.21699,0.21699,0.21699,0.21699,0.21699
0.05701,0.05701,0.05701,0.05701,0.05701
0,0,0,0,0
0,0,0,0,0
0,0,0,0,0
0,0,0,0,0
0,0,0,0,0
0,0,0,0,0
0,0,0,0,0
0,0,0,0,0
0,0,0,0,0
0,0,0,0,0
0,0,0,0,0
0,0,0,0,0
0.00934,0.00934,0.00934,0.00934,0.00934
0.19867,0.19867,0.19867,0.19867,0.19867
0.07648,0.07648,0.07648,0.07648,0.07648
0.34,0.34,0.34,0.34,0.34
0.59105,0.59105,0.59105,0.59105,0.59105
0.61638,0.61638,0.61638,0.61638,0.61638
0.62117,0.62117,0.62117,0.62117,0.62117
0.5673,0.5673,0.5673,0.5673,0.5673
0.31132,0.31132,0.31132,0.31132,0.31132
0.25793,0.25793,0.25793,0.25793,0.25793
0.11117,0.11117,0.11117,0.11117,0.11117
0.02382,0.02382,0.02382,0.02382,0.02382
0,0,0,0,0
0,0,0,0,0
0,0,0,0,0
0,0,0,0,0
0,0,0,0,0
0,0,0,0,0
0,0,0,0,0
0,0,0,0,0
0,0,0,0,0
0,0,0,0,0
0,0,0,0,0
0,0,0,0,0
0.01021,0.01021,0.01021,0.01021,0.01021
0.12297,0.12297,0.12297,0.12297,0.12297
0.24307,0.24307,0.24307,0.24307,0.24307
0.2388,0.2388,0.2388,0.2388,0.2388
0.43579,0.43579,0.43579,0.43579,0.43579
0.63586,0.63586,0.63586,0.63586,0.63586
0.52979,0.52979,0.52979,0.52979,0.52979
0.46956,0.46956,0.46956,0.46956,0.46956
0.33979,0.33979,0.33979,0.33979,0.33979
0.1805,0.1805,0.1805,0.1805,0.1805
0.09312,0.09312,0.09312,0.09312,0.09312
0.0198,0.0198,0.0198,0.0198,0.0198
0,0,0,0,0
0,0,0,0,0
0,0,0,0,0
0,0,0,0,0
0,0,0,0,0
0,0,0,0,0
0,0,0,0,0
0,0,0,0,0
0,0,0,0,0
0,0,0,0,0
0,0,0,0,0
0,0,0,0,0
0.00294,0.00294,0.00294,0.00294,0.00294
0.04216,0.04216,0.04216,0.04216,0.04216
0.17932,0.17932,0.17932,0.17932,0.17932
0.45769,0.45769,0.45769,0.45769,0.45769
0.26545,0.26545,0.26545,0.26545,0.26545
0.55712,0.55712,0.55712,0.55712,0.55712
0.59816,0.59816,0.59816,0.59816,0.59816
0.59443,0.59443,0.59443,0.59443,0.59443
0.48509,0.48509,0.48509,0.48509,0.48509
0.0164,0.0164,0.0164,0.0164,0.0164
0.04316,0.04316,0.04316,0.04316,0.04316
0.00851,0.00851,0.00851,0.00851,0.00851
0,0,0,0,0
0,0,0,0,0
0,0,0,0,0
0,0,0,0,0
0,0,0,0,0
0,0,0,0,0
0,0,0,0,0
0,0,0,0,0
0,0,0,0,0
0,0,0,0,0
0,0,0,0,0
0,0,0,0,0
0.00132,0.00132,0.00132,0.00132,0.00132
0.20846,0.20846,0.20846,0.20846,0.20846
0.37488,0.37488,0.37488,0.37488,0.37488
0.41021,0.41021,0.41021,0.41021,0.41021
0.53132,0.53132,0.53132,0.53132,0.53132
0.54211,0.54211,0.54211,0.54211,0.54211
0.6259,0.6259,0.6259,0.6259,0.6259
0.08202,0.08202,0.08202,0.08202,0.08202
0.02691,0.02691,0.02691,0.02691,0.02691
0.01332,0.01332,0.01332,0.01332,0.01332
0.01412,0.01412,0.01412,0.01412,0.01412
0.00131,0.00131,0.00131,0.00131,0.00131
0,0,0,0,0
0,0,0,0,0
0,0,0,0,0
0,0,0,0,0
0,0,0,0,0
0,0,0,0,0
0,0,0,0,0
0,0,0,0,0
0,0,0,0,0
0,0,0,0,0
0,0,0,0,0
0,0,0,0,0
0.0304,0.0304,0.0304,0.0304,0.0304
0.17214,0.17214,0.17214,0.17214,0.17214
0.31668,0.31668,0.31668,0.31668,0.31668
0.51064,0.51064,0.51064,0.51064,0.51064
0.59464,0.59464,0.59464,0.59464,0.59464
0.62554,0.62554,0.62554,0.62554,0.62554
0.63042,0.63042,0.63042,0.63042,0.63042
0.22034,0.22034,0.22034,0.22034,0.22034
0.02607,0.02607,0.02607,0.02607,0.02607
0.18801,0.18801,0.18801,0.18801,0.18801
0.05905,0.05905,0.05905,0.05905,0.05905
0.01093,0.01093,0.01093,0.01093,0.01093
0,0,0,0,0
0,0,0,0,0
0,0,0,0,0
0,0,0,0,0
0,0,0,0,0
0,0,0,0,0
0,0,0,0,0
0,0,0,0,0
0,0,0,0,0
0,0,0,0,0
0,0,0,0,0
0,0,0,0,0
0.00294,0.00294,0.00294,0.00294,0.00294
0.07586,0.07586,0.07586,0.07586,0.07586
0.26735,0.26735,0.26735,0.26735,0.26735
0.57925,0.57925,0.57925,0.57925,0.57925
0.58663,0.58663,0.58663,0.58663,0.58663
0.61092,0.61092,0.61092,0.61092,0.61092
0.52396,0.52396,0.52396,0.52396,0.52396
0.41863,0.41863,0.41863,0.41863,0.41863
0.38208,0.38208,0.38208,0.38208,0.38208
0.14876,0.14876,0.14876,0.14876,0.14876
0.0704,0.0704,0.0704,0.0704,0.0704
0.01334,0.01334,0.01334,0.01334,0.01334
0,0,0,0,0
0,0,0,0,0
0,0,0,0,0
0,0,0,0,0
0,0,0,0,0
0,0,0,0,0
0,0,0,0,0
0,0,0,0,0
0,0,0,0,0
0,0,0,0,0
0,0,0,0,0
0,0,0,0,0
0.02111,0.02111,0.02111,0.02111,0.02111
0.16523,0.16523,0.16523,0.16523,0.16523
0.33628,0.33628,0.33628,0.33628,0.33628
0.22862,0.22862,0.22862,0.22862,0.22862
0.29734,0.29734,0.29734,0.29734,0.29734
0.54097,0.54097,0.54097,0.54097,0.54097
0.28232,0.28232,0.28232,0.28232,0.28232
0.2581,0.2581,0.2581,0.2581,0.2581
0.39223,0.39223,0.39223,0.39223,0.39223
0.26992,0.26992,0.26992,0.26992,0.26992
0.13687,0.13687,0.13687,0.13687,0.13687
0.02609,0.02609,0.02609,0.02609,0.02609
0,0,0,0,0
0,0,0,0,0
0,0,0,0,0
0,0,0,0,0
0,0,0,0,0
0,0,0,0,0
0,0,0,0,0
0,0,0,0,0
0,0,0,0,0
0,0,0,0,0
0,0,0,0,0
0,0,0,0,0
0.01917,0.01917,0.01917,0.01917,0.01917
0.15948,0.15948,0.15948,0.15948,0.15948
0.33155,0.33155,0.33155,0.33155,0.33155
0.44165,0.44165,0.44165,0.44165,0.44165
0.5599,0.5599,0.5599,0.5599,0.5599
0.52855,0.52855,0.52855,0.52855,0.52855
0.57415,0.57415,0.57415,0.57415,0.57415
0.26549,0.26549,0.26549,0.26549,0.26549
0.26989,0.26989,0.26989,0.26989,0.26989
0.16104,0.16104,0.16104,0.16104,0.16104
0.06124,0.06124,0.06124,0.06124,0.06124
0.01086,0.01086,0.01086,0.01086,0.01086
0,0,0,0,0
0,0,0,0,0
0,0,0,0,0
0,0,0,0,0
0,0,0,0,0
0,0,0,0,0
0,0,0,0,0
0,0,0,0,0
0,0,0,0,0
0,0,0,0,0
0,0,0,0,0
0,0,0,0,0
0.02189,0.02189,0.02189,0.02189,0.02189
0.19691,0.19691,0.19691,0.19691,0.19691
0.14844,0.14844,0.14844,0.14844,0.14844
0.34186,0.34186,0.34186,0.34186,0.34186
0.66983,0.66983,0.66983,0.66983,0.66983
0.72291,0.72291,0.72291,0.72291,0.72291
0.61,0.61,0.61,0.61,0.61
0.68228,0.68228,0.68228,0.68228,0.68228
0.58539,0.58539,0.58539,0.58539,0.58539
0.44155,0.44155,0.44155,0.44155,0.44155
0.20392,0.20392,0.20392,0.20392,0.20392
0.05537,0.05537,0.05537,0.05537,0.05537
0,0,0,0,0
0,0,0,0,0
0,0,0,0,0
0,0,0,0,0
0,0,0,0,0
0,0,0,0,0
0,0,0,0,0
0,0,0,0,0
0,0,0,0,0
0,0,0,0,0
0,0,0,0,0
0,0,0,0,0
0.00374,0.00374,0.00374,0.00374,0.00374
0.20659,0.20659,0.20659,0.20659,0.20659
0.40919,0.40919,0.40919,0.40919,0.40919
0.56393,0.56393,0.56393,0.56393,0.56393
0.67269,0.67269,0.67269,0.67269,0.67269
0.72989,0.72989,0.72989,0.72989,0.72989
0.73506,0.73506,0.73506,0.73506,0.73506
0.68869,0.68869,0.68869,0.68869,0.68869
0.5914,0.5914,0.5914,0.5914,0.5914
0.44338,0.44338,0.44338,0.44338,0.44338
0.24878,0.24878,0.24878,0.24878,0.24878
0.05515,0.05515,0.05515,0.05515,0.05515
0,0,0,0,0
0,0,0,0,0
0,0,0,0,0
0,0,0,0,0
0,0,0,0,0
0,0,0,0,0
0,0,0,0,0
0,0,0,0,0
0,0,0,0,0
0,0,0,0,0
0,0,0,0,0
0,0,0,0,0
0.02922,0.02922,0.02922,0.02922,0.02922
0.21029,0.21029,0.21029,0.21029,0.21029
0.41306,0.41306,0.41306,0.41306,0.41306
0.56626,0.56626,0.56626,0.56626,0.56626
0.67275,0.67275,0.67275,0.67275,0.67275
0.72724,0.72724,0.72724,0.72724,0.72724
0.73578,0.73578,0.73578,0.73578,0.73578
0.69249,0.69249,0.69249,0.69249,0.69249
0.59597,0.59597,0.59597,0.59597,0.59597
0.44653,0.44653,0.44653,0.44653,0.44653
0.2534,0.2534,0.2534,0.2534,0.2534
0.05684,0.05684,0.05684,0.05684,0.05684
0,0,0,0,0
0,0,0,0,0
0,0,0,0,0
0,0,0,0,0
0,0,0,0,0
0,0,0,0,0
0,0,0,0,0
0,0,0,0,0
0,0,0,0,0
0,0,0,0,0
0,0,0,0,0
0,0,0,0,0
0.0287,0.0287,0.0287,0.0287,0.0287
0.21125,0.21125,0.21125,0.21125,0.21125
0.41713,0.41713,0.41713,0.41713,0.41713
0.57837,0.57837,0.57837,0.57837,0.57837
0.69026,0.69026,0.69026,0.69026,0.69026
0.74804,0.74804,0.74804,0.74804,0.74804
0.74825,0.74825,0.74825,0.74825,0.74825
0.69682,0.69682,0.69682,0.69682,0.69682
0.5944,0.5944,0.5944,0.5944,0.5944
0.43618,0.43618,0.43618,0.43618,0.43618
0.242,0.242,0.242,0.242,0.242
0.04893,0.04893,0.04893,0.04893,0.04893
0,0,0,0,0
0,0,0,0,0
0,0,0,0,0
0,0,0,0,0
0,0,0,0,0
0,0,0,0,0
0,0,0,0,0
0,0,0,0,0
0,0,0,0,0
0,0,0,0,0
0,0,0,0,0
0,0,0,0,0
0.02888,0.02888,0.02888,0.02888,0.02888
0.2087,0.2087,0.2087,0.2087,0.2087
0.40713,0.40713,0.40713,0.40713,0.40713
0.5547,0.5547,0.5547,0.5547,0.5547
0.65668,0.65668,0.65668,0.65668,0.65668
0.70971,0.70971,0.70971,0.70971,0.70971
0.71228,0.71228,0.71228,0.71228,0.71228
0.67066,0.67066,0.67066,0.67066,0.67066
0.57749,0.57749,0.57749,0.57749,0.57749
0.43394,0.43394,0.43394,0.43394,0.43394
0.24243,0.24243,0.24243,0.24243,0.24243
0.05143,0.05143,0.05143,0.05143,0.05143
0,0,0,0,0
0,0,0,0,0
0,0,0,0,0
0,0,0,0,0
0,0,0,0,0
0,0,0,0,0
0,0,0,0,0
0,0,0,0,0
0,0,0,0,0
0,0,0,0,0
0,0,0,0,0
0,0,0,0,0
0.02768,0.02768,0.02768,0.02768,0.02768
0.20718,0.20718,0.20718,0.20718,0.20718
0.41045,0.41045,0.41045,0.41045,0.41045
0.57269,0.57269,0.57269,0.57269,0.57269
0.68459,0.68459,0.68459,0.68459,0.68459
0.74373,0.74373,0.74373,0.74373,0.74373
0.74653,0.74653,0.74653,0.74653,0.74653
0.69655,0.69655,0.69655,0.69655,0.69655
0.59234,0.59234,0.59234,0.59234,0.59234
0.43704,0.43704,0.43704,0.43704,0.43704
0.24112,0.24112,0.24112,0.24112,0.24112
0.05019,0.05019,0.05019,0.05019,0.05019
0,0,0,0,0
0,0,0,0,0
0,0,0,0,0
0,0,0,0,0
0,0,0,0,0
0,0,0,0,0
0,0,0,0,0
0,0,0,0,0
0,0,0,0,0
0,0,0,0,0
0,0,0,0,0
0,0,0,0,0
0.02892,0.02892,0.02892,0.02892,0.02892
0.20842,0.20842,0.20842,0.20842,0.20842
0.4097,0.4097,0.4097,0.4097,0.4097
0.56203,0.56203,0.56203,0.56203,0.56203
0.67205,0.67205,0.67205,0.67205,0.67205
0.73072,0.73072,0.73072,0.73072,0.73072
0.73597,0.73597,0.73597,0.73597,0.73597
0.68884,0.68884,0.68884,0.68884,0.68884
0.58788,0.58788,0.58788,0.58788,0.58788
0.43412,0.43412,0.43412,0.43412,0.43412
0.23785,0.23785,0.23785,0.23785,0.23785
0.04614,0.04614,0.04614,0.04614,0.04614
0,0,0,0,0
0,0,0,0,0
0,0,0,0,0
0,0,0,0,0
0,0,0,0,0
0,0,0,0,0
0,0,0,0,0
0,0,0,0,0
0,0,0,0,0
0,0,0,0,0
0,0,0,0,0
0,0,0,0,0
0.01693,0.01693,0.01693,0.01693,0.01693
0.19689,0.19689,0.19689,0.19689,0.19689
0.40272,0.40272,0.40272,0.40272,0.40272
0.56733,0.56733,0.56733,0.56733,0.56733
0.67617,0.67617,0.67617,0.67617,0.67617
0.73486,0.73486,0.73486,0.73486,0.73486
0.74264,0.74264,0.74264,0.74264,0.74264
0.69294,0.69294,0.69294,0.69294,0.69294
0.58975,0.58975,0.58975,0.58975,0.58975
0.43591,0.43591,0.43591,0.43591,0.43591
0.23636,0.23636,0.23636,0.23636,0.23636
0.04408,0.04408,0.04408,0.04408,0.04408
0,0,0,0,0
0,0,0,0,0
0,0,0,0,0
0,0,0,0,0
0,0,0,0,0
0,0,0,0,0
0,0,0,0,0
0,0,0,0,0
0,0,0,0,0
0,0,0,0,0
0,0,0,0,0
0,0,0,0,0
0.02082,0.02082,0.02082,0.02082,0.02082
0.20096,0.20096,0.20096,0.20096,0.20096
0.40318,0.40318,0.40318,0.40318,0.40318
0.5644,0.5644,0.5644,0.5644,0.5644
0.67474,0.67474,0.67474,0.67474,0.67474
0.73349,0.73349,0.73349,0.73349,0.73349
0.73661,0.73661,0.73661,0.73661,0.73661
0.53019,0.53019,0.53019,0.53019,0.53019
0.17151,0.17151,0.17151,0.17151,0.17151
0.11051,0.11051,0.11051,0.11051,0.11051
0.23083,0.23083,0.23083,0.23083,0.23083
0.04209,0.04209,0.04209,0.04209,0.04209
0,0,0,0,0
0,0,0,0,0
0,0,0,0,0
0,0,0,0,0
0,0,0,0,0
0,0,0,0,0
0,0,0,0,0
0,0,0,0,0
0,0,0,0,0
0,0,0,0,0
0,0,0,0,0
0,0,0,0,0
0.02037,0.02037,0.02037,0.02037,0.02037
0.19985,0.19985,0.19985,0.19985,0.19985
0.08062,0.08062,0.08062,0.08062,0.08062
0.19117,0.19117,0.19117,0.19117,0.19117
0.12721,0.12721,0.12721,0.12721,0.12721
0.14934,0.14934,0.14934,0.14934,0.14934
0.44924,0.44924,0.44924,0.44924,0.44924
0.69097,0.69097,0.69097,0.69097,0.69097
0.18145,0.18145,0.18145,0.18145,0.18145
0.15988,0.15988,0.15988,0.15988,0.15988
0.06712,0.06712,0.06712,0.06712,0.06712
0.00613,0.00613,0.00613,0.00613,0.00613
0,0,0,0,0
0,0,0,0,0
0,0,0,0,0
0,0,0,0,0
0,0,0,0,0
0,0,0,0,0
0,0,0,0,0
0,0,0,0,0
0,0,0,0,0
0,0,0,0,0
0,0,0,0,0
0,0,0,0,0
0.01446,0.01446,0.01446,0.01446,0.01446
0.18925,0.18925,0.18925,0.18925,0.18925
0.22272,0.22272,0.22272,0.22272,0.22272
0.25111,0.25111,0.25111,0.25111,0.25111
0.03086,0.03086,0.03086,0.03086,0.03086
0.08642,0.08642,0.08642,0.08642,0.08642
0.61441,0.61441,0.61441,0.61441,0.61441
0.50815,0.50815,0.50815,0.50815,0.50815
0.45079,0.45079,0.45079,0.45079,0.45079
0.29852,0.29852,0.29852,0.29852,0.29852
0.12892,0.12892,0.12892,0.12892,0.12892
0.01621,0.01621,0.01621,0.01621,0.01621
0,0,0,0,0
0,0,0,0,0
0,0,0,0,0
0,0,0,0,0
0,0,0,0,0
0,0,0,0,0
0,0,0,0,0
0,0,0,0,0
0,0,0,0,0
0,0,0,0,0
0,0,0,0,0
0,0,0,0,0
0.01382,0.01382,0.01382,0.01382,0.01382
0.19117,0.19117,0.19117,0.19117,0.19117
0.39376,0.39376,0.39376,0.39376,0.39376
0.55711,0.55711,0.55711,0.55711,0.55711
0.66499,0.66499,0.66499,0.66499,0.66499
0.72188,0.72188,0.72188,0.72188,0.72188
0.72436,0.72436,0.72436,0.72436,0.72436
0.67483,0.67483,0.67483,0.67483,0.67483
0.48979,0.48979,0.48979,0.48979,0.48979
0.30335,0.30335,0.30335,0.30335,0.30335
0.16601,0.16601,0.16601,0.16601,0.16601
0.02744,0.02744,0.02744,0.02744,0.02744
0,0,0,0,0
0,0,0,0,0
0,0,0,0,0
0,0,0,0,0
0,0,0,0,0
0,0,0,0,0
0,0,0,0,0
0,0,0,0,0
0,0,0,0,0
0,0,0,0,0
0,0,0,0,0
0,0,0,0,0
0.02058,0.02058,0.02058,0.02058,0.02058
0.19999,0.19999,0.19999,0.19999,0.19999
0.4008,0.4008,0.4008,0.4008,0.4008
0.55642,0.55642,0.55642,0.55642,0.55642
0.66287,0.66287,0.66287,0.66287,0.66287
0.71671,0.71671,0.71671,0.71671,0.71671
0.51081,0.51081,0.51081,0.51081,0.51081
0.08885,0.08885,0.08885,0.08885,0.08885
0.2177,0.2177,0.2177,0.2177,0.2177
0.12704,0.12704,0.12704,0.12704,0.12704
0.13108,0.13108,0.13108,0.13108,0.13108
0.01557,0.01557,0.01557,0.01557,0.01557
0,0,0,0,0
0,0,0,0,0
0,0,0,0,0
0,0,0,0,0
0,0,0,0,0
0,0,0,0,0
0,0,0,0,0
0,0,0,0,0
0,0,0,0,0
0,0,0,0,0
0,0,0,0,0
0,0,0,0,0
0.0172,0.0172,0.0172,0.0172,0.0172
0.19474,0.19474,0.19474,0.19474,0.19474
0.35702,0.35702,0.35702,0.35702,0.35702
0.478,0.478,0.478,0.478,0.478
0.48683,0.48683,0.48683,0.48683,0.48683
0.61456,0.61456,0.61456,0.61456,0.61456
0.6103,0.6103,0.6103,0.6103,0.6103
0.67089,0.67089,0.67089,0.67089,0.67089
0.5697,0.5697,0.5697,0.5697,0.5697
0.42228,0.42228,0.42228,0.42228,0.42228
0.00843,0.00843,0.00843,0.00843,0.00843
0,0,0,0,0
0,0,0,0,0
0,0,0,0,0
0,0,0,0,0
0,0,0,0,0
0,0,0,0,0
0,0,0,0,0
0,0,0,0,0
0,0,0,0,0
0,0,0,0,0
0,0,0,0,0
0,0,0,0,0
0,0,0,0,0
0.02062,0.02062,0.02062,0.02062,0.02062
0.19789,0.19789,0.19789,0.19789,0.19789
0.39494,0.39494,0.39494,0.39494,0.39494
0.54853,0.54853,0.54853,0.54853,0.54853
0.65129,0.65129,0.65129,0.65129,0.65129
0.70502,0.70502,0.70502,0.70502,0.70502
0.71062,0.71062,0.71062,0.71062,0.71062
0.50173,0.50173,0.50173,0.50173,0.50173
0.38857,0.38857,0.38857,0.38857,0.38857
0.30041,0.30041,0.30041,0.30041,0.30041
0.10348,0.10348,0.10348,0.10348,0.10348
0.01019,0.01019,0.01019,0.01019,0.01019
0,0,0,0,0
0,0,0,0,0
0,0,0,0,0
0,0,0,0,0
0,0,0,0,0
0,0,0,0,0
0,0,0,0,0
0,0,0,0,0
0,0,0,0,0
0,0,0,0,0
0,0,0,0,0
0,0,0,0,0
0,0,0,0,0
0.00214,0.00214,0.00214,0.00214,0.00214
0.01098,0.01098,0.01098,0.01098,0.01098
0.10911,0.10911,0.10911,0.10911,0.10911
0.27878,0.27878,0.27878,0.27878,0.27878
0.38178,0.38178,0.38178,0.38178,0.38178
0.28758,0.28758,0.28758,0.28758,0.28758
0.33869,0.33869,0.33869,0.33869,0.33869
0.15952,0.15952,0.15952,0.15952,0.15952
0.24969,0.24969,0.24969,0.24969,0.24969
0.14001,0.14001,0.14001,0.14001,0.14001
0.01713,0.01713,0.01713,0.01713,0.01713
0,0,0,0,0
0,0,0,0,0
0,0,0,0,0
0,0,0,0,0
0,0,0,0,0
0,0,0,0,0
0,0,0,0,0
0,0,0,0,0
0,0,0,0,0
0,0,0,0,0
0,0,0,0,0
0,0,0,0,0
0,0,0,0,0
0.01013,0.01013,0.01013,0.01013,0.01013
0.00612,0.00612,0.00612,0.00612,0.00612
0.01895,0.01895,0.01895,0.01895,0.01895
0.06057,0.06057,0.06057,0.06057,0.06057
0.11662,0.11662,0.11662,0.11662,0.11662
0.09945,0.09945,0.09945,0.09945,0.09945
0.12178,0.12178,0.12178,0.12178,0.12178
0.13157,0.13157,0.13157,0.13157,0.13157
0.1461,0.1461,0.1461,0.1461,0.1461
0.09836,0.09836,0.09836,0.09836,0.09836
0.00933,0.00933,0.00933,0.00933,0.00933
0,0,0,0,0
0,0,0,0,0
0,0,0,0,0
0,0,0,0,0
0,0,0,0,0
0,0,0,0,0
0,0,0,0,0
0,0,0,0,0
0,0,0,0,0
0,0,0,0,0
0,0,0,0,0
0,0,0,0,0
0.00596,0.00596,0.00596,0.00596,0.00596
0.1306,0.1306,0.1306,0.1306,0.1306
0.3566,0.3566,0.3566,0.3566,0.3566
0.46008,0.46008,0.46008,0.46008,0.46008
0.46958,0.46958,0.46958,0.46958,0.46958
0.47007,0.47007,0.47007,0.47007,0.47007
0.46187,0.46187,0.46187,0.46187,0.46187
0.43442,0.43442,0.43442,0.43442,0.43442
0.32601,0.32601,0.32601,0.32601,0.32601
0.19358,0.19358,0.19358,0.19358,0.19358
0.16225,0.16225,0.16225,0.16225,0.16225
0.02322,0.02322,0.02322,0.02322,0.02322
0,0,0,0,0
0,0,0,0,0
0,0,0,0,0
0,0,0,0,0
0,0,0,0,0
0,0,0,0,0
0,0,0,0,0
0,0,0,0,0
0,0,0,0,0
0,0,0,0,0
0,0,0,0,0
0,0,0,0,0
0.00456,0.00456,0.00456,0.00456,0.00456
0.12853,0.12853,0.12853,0.12853,0.12853
0.26138,0.26138,0.26138,0.26138,0.26138
0.33242,0.33242,0.33242,0.33242,0.33242
0.4371,0.4371,0.4371,0.4371,0.4371
0.48588,0.48588,0.48588,0.48588,0.48588
0.48397,0.48397,0.48397,0.48397,0.48397
0.23365,0.23365,0.23365,0.23365,0.23365
0.06,0.06,0.06,0.06,0.06
0.01323,0.01323,0.01323,0.01323,0.01323
0.00288,0.00288,0.00288,0.00288,0.00288
0,0,0,0,0
0,0,0,0,0
0,0,0,0,0
0,0,0,0,0
0,0,0,0,0
0,0,0,0,0
0,0,0,0,0
0,0,0,0,0
0,0,0,0,0
0,0,0,0,0
0,0,0,0,0
0,0,0,0,0
0,0,0,0,0
0,0,0,0,0
0.04033,0.04033,0.04033,0.04033,0.04033
0.10094,0.10094,0.10094,0.10094,0.10094
0.1209,0.1209,0.1209,0.1209,0.1209
0.07617,0.07617,0.07617,0.07617,0.07617
0.10229,0.10229,0.10229,0.10229,0.10229
0.06519,0.06519,0.06519,0.06519,0.06519
0.07889,0.07889,0.07889,0.07889,0.07889
0.0257,0.0257,0.0257,0.0257,0.0257
0.04547,0.04547,0.04547,0.04547,0.04547
0.0022,0.0022,0.0022,0.0022,0.0022
0,0,0,0,0
0,0,0,0,0
0,0,0,0,0
0,0,0,0,0
0,0,0,0,0
0,0,0,0,0
0,0,0,0,0
0,0,0,0,0
0,0,0,0,0
0,0,0,0,0
0,0,0,0,0
0,0,0,0,0
0,0,0,0,0
0.02851,0.02851,0.02851,0.02851,0.02851
0.21938,0.21938,0.21938,0.21938,0.21938
0.4277,0.4277,0.4277,0.4277,0.4277
0.59252,0.59252,0.59252,0.59252,0.59252
0.65863,0.65863,0.65863,0.65863,0.65863
0.69248,0.69248,0.69248,0.69248,0.69248
0.65063,0.65063,0.65063,0.65063,0.65063
0.70514,0.70514,0.70514,0.70514,0.70514
0.59496,0.59496,0.59496,0.59496,0.59496
0.36449,0.36449,0.36449,0.36449,0.36449
0.2239,0.2239,0.2239,0.2239,0.2239
0.03463,0.03463,0.03463,0.03463,0.03463
0,0,0,0,0
0,0,0,0,0
0,0,0,0,0
0,0,0,0,0
0,0,0,0,0
0,0,0,0,0
0,0,0,0,0
0,0,0,0,0
0,0,0,0,0
0,0,0,0,0
0,0,0,0,0
0,0,0,0,0
0.02606,0.02606,0.02606,0.02606,0.02606
0.21468,0.21468,0.21468,0.21468,0.21468
0.4226,0.4226,0.4226,0.4226,0.4226
0.58309,0.58309,0.58309,0.58309,0.58309
0.69773,0.69773,0.69773,0.69773,0.69773
0.75628,0.75628,0.75628,0.75628,0.75628
0.75997,0.75997,0.75997,0.75997,0.75997
0.70825,0.70825,0.70825,0.70825,0.70825
0.60075,0.60075,0.60075,0.60075,0.60075
0.44114,0.44114,0.44114,0.44114,0.44114
0.23441,0.23441,0.23441,0.23441,0.23441
0.03638,0.03638,0.03638,0.03638,0.03638
0,0,0,0,0
0,0,0,0,0
0,0,0,0,0
0,0,0,0,0
0,0,0,0,0
0,0,0,0,0
0,0,0,0,0
0,0,0,0,0
0,0,0,0,0
0,0,0,0,0
0,0,0,0,0
0,0,0,0,0
0.0157,0.0157,0.0157,0.0157,0.0157
0.13097,0.13097,0.13097,0.13097,0.13097
0.32435,0.32435,0.32435,0.32435,0.32435
0.52961,0.52961,0.52961,0.52961,0.52961
0.64059,0.64059,0.64059,0.64059,0.64059
0.75688,0.75688,0.75688,0.75688,0.75688
0.74156,0.74156,0.74156,0.74156,0.74156
0.6875,0.6875,0.6875,0.6875,0.6875
0.49706,0.49706,0.49706,0.49706,0.49706
0.37,0.37,0.37,0.37,0.37
0.22778,0.22778,0.22778,0.22778,0.22778
0.03077,0.03077,0.03077,0.03077,0.03077
0,0,0,0,0
0,0,0,0,0
0,0,0,0,0
0,0,0,0,0
0,0,0,0,0
0,0,0,0,0
0,0,0,0,0
0,0,0,0,0
0,0,0,0,0
0,0,0,0,0
0,0,0,0,0
0,0,0,0,0
0.0232,0.0232,0.0232,0.0232,0.0232
0.20952,0.20952,0.20952,0.20952,0.20952
0.40951,0.40951,0.40951,0.40951,0.40951
0.57822,0.57822,0.57822,0.57822,0.57822
0.64593,0.64593,0.64593,0.64593,0.64593
0.51198,0.51198,0.51198,0.51198,0.51198
0.63922,0.63922,0.63922,0.63922,0.63922
0.4256,0.4256,0.4256,0.4256,0.4256
0.36168,0.36168,0.36168,0.36168,0.36168
0.43182,0.43182,0.43182,0.43182,0.43182
0.22746,0.22746,0.22746,0.22746,0.22746
0.01779,0.01779,0.01779,0.01779,0.01779
0,0,0,0,0
0,0,0,0,0
0,0,0,0,0
0,0,0,0,0
0,0,0,0,0
0,0,0,0,0
0,0,0,0,0
0,0,0,0,0
0,0,0,0,0
0,0,0,0,0
0,0,0,0,0
0,0,0,0,0
0.02414,0.02414,0.02414,0.02414,0.02414
0.21107,0.21107,0.21107,0.21107,0.21107
0.36956,0.36956,0.36956,0.36956,0.36956
0.5722,0.5722,0.5722,0.5722,0.5722
0.695,0.695,0.695,0.695,0.695
0.67066,0.67066,0.67066,0.67066,0.67066
0.50384,0.50384,0.50384,0.50384,0.50384
0.35455,0.35455,0.35455,0.35455,0.35455
0.15068,0.15068,0.15068,0.15068,0.15068
0.40186,0.40186,0.40186,0.40186,0.40186
0.21062,0.21062,0.21062,0.21062,0.21062
0.01928,0.01928,0.01928,0.01928,0.01928
0,0,0,0,0
0,0,0,0,0
0,0,0,0,0
0,0,0,0,0
0,0,0,0,0
0,0,0,0,0
0,0,0,0,0
0,0,0,0,0
0,0,0,0,0
0,0,0,0,0
0,0,0,0,0
0,0,0,0,0
0.02472,0.02472,0.02472,0.02472,0.02472
0.17081,0.17081,0.17081,0.17081,0.17081
0.41475,0.41475,0.41475,0.41475,0.41475
0.5747,0.5747,0.5747,0.5747,0.5747
0.67464,0.67464,0.67464,0.67464,0.67464
0.74607,0.74607,0.74607,0.74607,0.74607
0.72246,0.72246,0.72246,0.72246,0.72246
0.69365,0.69365,0.69365,0.69365,0.69365
0.58257,0.58257,0.58257,0.58257,0.58257
0.42316,0.42316,0.42316,0.42316,0.42316
0.22014,0.22014,0.22014,0.22014,0.22014
0.02805,0.02805,0.02805,0.02805,0.02805
0,0,0,0,0
0,0,0,0,0
0,0,0,0,0
0,0,0,0,0
0,0,0,0,0
0,0,0,0,0
0,0,0,0,0
0,0,0,0,0
0,0,0,0,0
0,0,0,0,0
0,0,0,0,0
0,0,0,0,0
0.01758,0.01758,0.01758,0.01758,0.01758
0.19297,0.19297,0.19297,0.19297,0.19297
0.40988,0.40988,0.40988,0.40988,0.40988
0.57557,0.57557,0.57557,0.57557,0.57557
0.69042,0.69042,0.69042,0.69042,0.69042
0.7497,0.7497,0.7497,0.7497,0.7497
0.75202,0.75202,0.75202,0.75202,0.75202
0.69609,0.69609,0.69609,0.69609,0.69609
0.58666,0.58666,0.58666,0.58666,0.58666
0.42132,0.42132,0.42132,0.42132,0.42132
0.21652,0.21652,0.21652,0.21652,0.21652
0.02521,0.02521,0.02521,0.02521,0.02521
0,0,0,0,0
0,0,0,0,0
0,0,0,0,0
0,0,0,0,0
0,0,0,0,0
0,0,0,0,0
0,0,0,0,0
0,0,0,0,0
0,0,0,0,0
0,0,0,0,0
0,0,0,0,0
0,0,0,0,0
0.01505,0.01505,0.01505,0.01505,0.01505
0.18691,0.18691,0.18691,0.18691,0.18691
0.40367,0.40367,0.40367,0.40367,0.40367
0.57446,0.57446,0.57446,0.57446,0.57446
0.63169,0.63169,0.63169,0.63169,0.63169
0.70034,0.70034,0.70034,0.70034,0.70034
0.72561,0.72561,0.72561,0.72561,0.72561
0.58591,0.58591,0.58591,0.58591,0.58591
0.51654,0.51654,0.51654,0.51654,0.51654
0.34461,0.34461,0.34461,0.34461,0.34461
0.14356,0.14356,0.14356,0.14356,0.14356
0.00863,0.00863,0.00863,0.00863,0.00863
0,0,0,0,0
0,0,0,0,0
0,0,0,0,0
0,0,0,0,0
0,0,0,0,0
0,0,0,0,0
0,0,0,0,0
0,0,0,0,0
0,0,0,0,0
0,0,0,0,0
0,0,0,0,0
0,0,0,0,0
0.01488,0.01488,0.01488,0.01488,0.01488
0.15574,0.15574,0.15574,0.15574,0.15574
0.40499,0.40499,0.40499,0.40499,0.40499
0.57142,0.57142,0.57142,0.57142,0.57142
0.68404,0.68404,0.68404,0.68404,0.68404
0.74375,0.74375,0.74375,0.74375,0.74375
0.71623,0.71623,0.71623,0.71623,0.71623
0.69185,0.69185,0.69185,0.69185,0.69185
0.582,0.582,0.582,0.582,0.582
0.42254,0.42254,0.42254,0.42254,0.42254
0.21663,0.21663,0.21663,0.21663,0.21663
0.02511,0.02511,0.02511,0.02511,0.02511
0,0,0,0,0
0,0,0,0,0
0,0,0,0,0
0,0,0,0,0
0,0,0,0,0
0,0,0,0,0
0,0,0,0,0
0,0,0,0,0
0,0,0,0,0
0,0,0,0,0
0,0,0,0,0
0,0,0,0,0
0.01443,0.01443,0.01443,0.01443,0.01443
0.09638,0.09638,0.09638,0.09638,0.09638
0.39943,0.39943,0.39943,0.39943,0.39943
0.56425,0.56425,0.56425,0.56425,0.56425
0.67585,0.67585,0.67585,0.67585,0.67585
0.73476,0.73476,0.73476,0.73476,0.73476
0.73678,0.73678,0.73678,0.73678,0.73678
0.6807,0.6807,0.6807,0.6807,0.6807
0.5594,0.5594,0.5594,0.5594,0.5594
0.35795,0.35795,0.35795,0.35795,0.35795
0.20901,0.20901,0.20901,0.20901,0.20901
0.0229,0.0229,0.0229,0.0229,0.0229
0,0,0,0,0
0,0,0,0,0
0,0,0,0,0
0,0,0,0,0
0,0,0,0,0
0,0,0,0,0
0,0,0,0,0
0,0,0,0,0
0,0,0,0,0
0,0,0,0,0
0,0,0,0,0
0,0,0,0,0
0.00568,0.00568,0.00568,0.00568,0.00568
0.11217,0.11217,0.11217,0.11217,0.11217
0.39082,0.39082,0.39082,0.39082,0.39082
0.43764,0.43764,0.43764,0.43764,0.43764
0.51201,0.51201,0.51201,0.51201,0.51201
0.54376,0.54376,0.54376,0.54376,0.54376
0.44349,0.44349,0.44349,0.44349,0.44349
0.63673,0.63673,0.63673,0.63673,0.63673
0.56927,0.56927,0.56927,0.56927,0.56927
0.40975,0.40975,0.40975,0.40975,0.40975
0.21027,0.21027,0.21027,0.21027,0.21027
0.0239,0.0239,0.0239,0.0239,0.0239
0,0,0,0,0
0,0,0,0,0
0,0,0,0,0
0,0,0,0,0
0,0,0,0,0
0,0,0,0,0
0,0,0,0,0
0,0,0,0,0
0,0,0,0,0
0,0,0,0,0
0,0,0,0,0
0,0,0,0,0
0.00938,0.00938,0.00938,0.00938,0.00938
0.19412,0.19412,0.19412,0.19412,0.19412
0.39508,0.39508,0.39508,0.39508,0.39508
0.55696,0.55696,0.55696,0.55696,0.55696
0.66486,0.66486,0.66486,0.66486,0.66486
0.67955,0.67955,0.67955,0.67955,0.67955
0.50436,0.50436,0.50436,0.50436,0.50436
0.47794,0.47794,0.47794,0.47794,0.47794
0.44045,0.44045,0.44045,0.44045,0.44045
0.15152,0.15152,0.15152,0.15152,0.15152
0.19806,0.19806,0.19806,0.19806,0.19806
0.01552,0.01552,0.01552,0.01552,0.01552
0,0,0,0,0
0,0,0,0,0
0,0,0,0,0
0,0,0,0,0
0,0,0,0,0
0,0,0,0,0
0,0,0,0,0
0,0,0,0,0
0,0,0,0,0
0,0,0,0,0
0,0,0,0,0
0,0,0,0,0
0.00036,0.00036,0.00036,0.00036,0.00036
0.17321,0.17321,0.17321,0.17321,0.17321
0.37892,0.37892,0.37892,0.37892,0.37892
0.54718,0.54718,0.54718,0.54718,0.54718
0.65885,0.65885,0.65885,0.65885,0.65885
0.62628,0.62628,0.62628,0.62628,0.62628
0.66593,0.66593,0.66593,0.66593,0.66593
0.53655,0.53655,0.53655,0.53655,0.53655
0.40926,0.40926,0.40926,0.40926,0.40926
0.31619,0.31619,0.31619,0.31619,0.31619
0.19083,0.19083,0.19083,0.19083,0.19083
0.00132,0.00132,0.00132,0.00132,0.00132
0,0,0,0,0
0,0,0,0,0
0,0,0,0,0
0,0,0,0,0
0,0,0,0,0
0,0,0,0,0
0,0,0,0,0
0,0,0,0,0
0,0,0,0,0
0,0,0,0,0
0,0,0,0,0
0,0,0,0,0
0.00519,0.00519,0.00519,0.00519,0.00519
0.1782,0.1782,0.1782,0.1782,0.1782
0.33707,0.33707,0.33707,0.33707,0.33707
0.53329,0.53329,0.53329,0.53329,0.53329
0.61753,0.61753,0.61753,0.61753,0.61753
0.64046,0.64046,0.64046,0.64046,0.64046
0.50704,0.50704,0.50704,0.50704,0.50704
0.42643,0.42643,0.42643,0.42643,0.42643
0.41864,0.41864,0.41864,0.41864,0.41864
0.32427,0.32427,0.32427,0.32427,0.32427
0.19995,0.19995,0.19995,0.19995,0.19995
0.01281,0.01281,0.01281,0.01281,0.01281
0,0,0,0,0
0,0,0,0,0
0,0,0,0,0
0,0,0,0,0
0,0,0,0,0
0,0,0,0,0
0,0,0,0,0
0,0,0,0,0
0,0,0,0,0
0,0,0,0,0
0,0,0,0,0
0,0,0,0,0
0.00745,0.00745,0.00745,0.00745,0.00745
0.18685,0.18685,0.18685,0.18685,0.18685
0.38754,0.38754,0.38754,0.38754,0.38754
0.54578,0.54578,0.54578,0.54578,0.54578
0.65451,0.65451,0.65451,0.65451,0.65451
0.70968,0.70968,0.70968,0.70968,0.70968
0.7127,0.7127,0.7127,0.7127,0.7127
0.6607,0.6607,0.6607,0.6607,0.6607
0.55536,0.55536,0.55536,0.55536,0.55536
0.40149,0.40149,0.40149,0.40149,0.40149
0.20645,0.20645,0.20645,0.20645,0.20645
0.02375,0.02375,0.02375,0.02375,0.02375
0,0,0,0,0
0,0,0,0,0
0,0,0,0,0
0,0,0,0,0
0,0,0,0,0
0,0,0,0,0
0,0,0,0,0
0,0,0,0,0
0,0,0,0,0
0,0,0,0,0
0,0,0,0,0
0,0,0,0,0
0.01317,0.01317,0.01317,0.01317,0.01317
0.19631,0.19631,0.19631,0.19631,0.19631
0.39248,0.39248,0.39248,0.39248,0.39248
0.54949,0.54949,0.54949,0.54949,0.54949
0.6578,0.6578,0.6578,0.6578,0.6578
0.61114,0.61114,0.61114,0.61114,0.61114
0.71145,0.71145,0.71145,0.71145,0.71145
0.65853,0.65853,0.65853,0.65853,0.65853
0.55559,0.55559,0.55559,0.55559,0.55559
0.40349,0.40349,0.40349,0.40349,0.40349
0.21028,0.21028,0.21028,0.21028,0.21028
0.026,0.026,0.026,0.026,0.026
0,0,0,0,0
0,0,0,0,0
0,0,0,0,0
0,0,0,0,0
0,0,0,0,0
0,0,0,0,0
0,0,0,0,0
0,0,0,0,0
0,0,0,0,0
0,0,0,0,0
0,0,0,0,0
0,0,0,0,0
0.01293,0.01293,0.01293,0.01293,0.01293
0.19979,0.19979,0.19979,0.19979,0.19979
0.399,0.399,0.399,0.399,0.399
0.55463,0.55463,0.55463,0.55463,0.55463
0.65899,0.65899,0.65899,0.65899,0.65899
0.71259,0.71259,0.71259,0.71259,0.71259
0.70854,0.70854,0.70854,0.70854,0.70854
0.65712,0.65712,0.65712,0.65712,0.65712
0.55138,0.55138,0.55138,0.55138,0.55138
0.38827,0.38827,0.38827,0.38827,0.38827
0.18422,0.18422,0.18422,0.18422,0.18422
0.0205,0.0205,0.0205,0.0205,0.0205
0,0,0,0,0
0,0,0,0,0
0,0,0,0,0
0,0,0,0,0
0,0,0,0,0
0,0,0,0,0
0,0,0,0,0
0,0,0,0,0
0,0,0,0,0
0,0,0,0,0
0,0,0,0,0
0,0,0,0,0
0.01072,0.01072,0.01072,0.01072,0.01072
0.16922,0.16922,0.16922,0.16922,0.16922
0.38658,0.38658,0.38658,0.38658,0.38658
0.53473,0.53473,0.53473,0.53473,0.53473
0.51981,0.51981,0.51981,0.51981,0.51981
0.5376,0.5376,0.5376,0.5376,0.5376
0.50004,0.50004,0.50004,0.50004,0.50004
0.44458,0.44458,0.44458,0.44458,0.44458
0.32817,0.32817,0.32817,0.32817,0.32817
0.3964,0.3964,0.3964,0.3964,0.3964
0.19629,0.19629,0.19629,0.19629,0.19629
0.01335,0.01335,0.01335,0.01335,0.01335
0,0,0,0,0
0,0,0,0,0
0,0,0,0,0
0,0,0,0,0
0,0,0,0,0
0,0,0,0,0
0,0,0,0,0
0,0,0,0,0
0,0,0,0,0
0,0,0,0,0
0,0,0,0,0
0,0,0,0,0
0.01174,0.01174,0.01174,0.01174,0.01174
0.19045,0.19045,0.19045,0.19045,0.19045
0.38715,0.38715,0.38715,0.38715,0.38715
0.54117,0.54117,0.54117,0.54117,0.54117
0.64574,0.64574,0.64574,0.64574,0.64574
0.70065,0.70065,0.70065,0.70065,0.70065
0.41829,0.41829,0.41829,0.41829,0.41829
0.56047,0.56047,0.56047,0.56047,0.56047
0.43374,0.43374,0.43374,0.43374,0.43374
0.37249,0.37249,0.37249,0.37249,0.37249
0.18938,0.18938,0.18938,0.18938,0.18938
0.02274,0.02274,0.02274,0.02274,0.02274
0,0,0,0,0
0,0,0,0,0
0,0,0,0,0
0,0,0,0,0
0,0,0,0,0
0,0,0,0,0
0,0,0,0,0
0,0,0,0,0
0,0,0,0,0
0,0,0,0,0
0,0,0,0,0
0,0,0,0,0
0.01213,0.01213,0.01213,0.01213,0.01213
0.1915,0.1915,0.1915,0.1915,0.1915
0.38548,0.38548,0.38548,0.38548,0.38548
0.53538,0.53538,0.53538,0.53538,0.53538
0.63816,0.63816,0.63816,0.63816,0.63816
0.69199,0.69199,0.69199,0.69199,0.69199
0.69268,0.69268,0.69268,0.69268,0.69268
0.64137,0.64137,0.64137,0.64137,0.64137
0.26852,0.26852,0.26852,0.26852,0.26852
0.38849,0.38849,0.38849,0.38849,0.38849
0.19714,0.19714,0.19714,0.19714,0.19714
0.02107,0.02107,0.02107,0.02107,0.02107
0,0,0,0,0
0,0,0,0,0
0,0,0,0,0
0,0,0,0,0
0,0,0,0,0
0,0,0,0,0
0,0,0,0,0
0,0,0,0,0
0,0,0,0,0
0,0,0,0,0
0,0,0,0,0
0,0,0,0,0
0,0,0,0,0
0.11058,0.11058,0.11058,0.11058,0.11058
0.29748,0.29748,0.29748,0.29748,0.29748
0.45379,0.45379,0.45379,0.45379,0.45379
0.42757,0.42757,0.42757,0.42757,0.42757
0.61928,0.61928,0.61928,0.61928,0.61928
0.67164,0.67164,0.67164,0.67164,0.67164
0.60202,0.60202,0.60202,0.60202,0.60202
0.4371,0.4371,0.4371,0.4371,0.4371
0.21675,0.21675,0.21675,0.21675,0.21675
0.08036,0.08036,0.08036,0.08036,0.08036
0.00661,0.00661,0.00661,0.00661,0.00661
0,0,0,0,0
0,0,0,0,0
0,0,0,0,0
0,0,0,0,0
0,0,0,0,0
0,0,0,0,0
0,0,0,0,0
0,0,0,0,0
0,0,0,0,0
0,0,0,0,0
0,0,0,0,0
0,0,0,0,0
0,0,0,0,0
0.03348,0.03348,0.03348,0.03348,0.03348
0.12438,0.12438,0.12438,0.12438,0.12438
0.40898,0.40898,0.40898,0.40898,0.40898
0.3774,0.3774,0.3774,0.3774,0.3774
0.42185,0.42185,0.42185,0.42185,0.42185
0.59967,0.59967,0.59967,0.59967,0.59967
0.5236,0.5236,0.5236,0.5236,0.5236
0.32327,0.32327,0.32327,0.32327,0.32327
0.21953,0.21953,0.21953,0.21953,0.21953
0.14949,0.14949,0.14949,0.14949,0.14949
0.00727,0.00727,0.00727,0.00727,0.00727
0,0,0,0,0
0,0,0,0,0
0,0,0,0,0
0,0,0,0,0
0,0,0,0,0
0,0,0,0,0
0,0,0,0,0
0,0,0,0,0
0,0,0,0,0
0,0,0,0,0
0,0,0,0,0
0,0,0,0,0
0.00613,0.00613,0.00613,0.00613,0.00613
0.17902,0.17902,0.17902,0.17902,0.17902
0.37327,0.37327,0.37327,0.37327,0.37327
0.52534,0.52534,0.52534,0.52534,0.52534
0.48466,0.48466,0.48466,0.48466,0.48466
0.58345,0.58345,0.58345,0.58345,0.58345
0.67754,0.67754,0.67754,0.67754,0.67754
0.5855,0.5855,0.5855,0.5855,0.5855
0.53004,0.53004,0.53004,0.53004,0.53004
0.38219,0.38219,0.38219,0.38219,0.38219
0.19509,0.19509,0.19509,0.19509,0.19509
0.01964,0.01964,0.01964,0.01964,0.01964
0,0,0,0,0
0,0,0,0,0
0,0,0,0,0
0,0,0,0,0
0,0,0,0,0
0,0,0,0,0
0,0,0,0,0
0,0,0,0,0
0,0,0,0,0
0,0,0,0,0
0,0,0,0,0
0,0,0,0,0
0.00804,0.00804,0.00804,0.00804,0.00804
0.13593,0.13593,0.13593,0.13593,0.13593
0.35789,0.35789,0.35789,0.35789,0.35789
0.50676,0.50676,0.50676,0.50676,0.50676
0.60234,0.60234,0.60234,0.60234,0.60234
0.61951,0.61951,0.61951,0.61951,0.61951
0.61932,0.61932,0.61932,0.61932,0.61932
0.53519,0.53519,0.53519,0.53519,0.53519
0.36369,0.36369,0.36369,0.36369,0.36369
0.33223,0.33223,0.33223,0.33223,0.33223
0.16929,0.16929,0.16929,0.16929,0.16929
0.01079,0.01079,0.01079,0.01079,0.01079
0,0,0,0,0
0,0,0,0,0
0,0,0,0,0
0,0,0,0,0
0,0,0,0,0
0,0,0,0,0
0,0,0,0,0
0,0,0,0,0
0,0,0,0,0
0,0,0,0,0
0,0,0,0,0
0,0,0,0,0
0,0,0,0,0
0.00053,0.00053,0.00053,0.00053,0.00053
0.02147,0.02147,0.02147,0.02147,0.02147
0.056,0.056,0.056,0.056,0.056
0.11823,0.11823,0.11823,0.11823,0.11823
0.14298,0.14298,0.14298,0.14298,0.14298
0.14846,0.14846,0.14846,0.14846,0.14846
0.1029,0.1029,0.1029,0.1029,0.1029
0.04556,0.04556,0.04556,0.04556,0.04556
0.06668,0.06668,0.06668,0.06668,0.06668
0.05528,0.05528,0.05528,0.05528,0.05528
0,0,0,0,0
0,0,0,0,0
0,0,0,0,0
0,0,0,0,0
0,0,0,0,0
0,0,0,0,0
0,0,0,0,0
0,0,0,0,0
0,0,0,0,0
0,0,0,0,0
0,0,0,0,0
0,0,0,0,0
0,0,0,0,0
0,0,0,0,0
0.04312,0.04312,0.04312,0.04312,0.04312
0.12052,0.12052,0.12052,0.12052,0.12052
0.22195,0.22195,0.22195,0.22195,0.22195
0.15289,0.15289,0.15289,0.15289,0.15289
0.20437,0.20437,0.20437,0.20437,0.20437
0.28245,0.28245,0.28245,0.28245,0.28245
0.39189,0.39189,0.39189,0.39189,0.39189
0.3422,0.3422,0.3422,0.3422,0.3422
0.30385,0.30385,0.30385,0.30385,0.30385
0.14823,0.14823,0.14823,0.14823,0.14823
0.0076,0.0076,0.0076,0.0076,0.0076
0,0,0,0,0
0,0,0,0,0
0,0,0,0,0
0,0,0,0,0
0,0,0,0,0
0,0,0,0,0
0,0,0,0,0
0,0,0,0,0
0,0,0,0,0
0,0,0,0,0
0,0,0,0,0
0,0,0,0,0
0.00179,0.00179,0.00179,0.00179,0.00179
0.12245,0.12245,0.12245,0.12245,0.12245
0.1633,0.1633,0.1633,0.1633,0.1633
0.53057,0.53057,0.53057,0.53057,0.53057
0.6359,0.6359,0.6359,0.6359,0.6359
0.64558,0.64558,0.64558,0.64558,0.64558
0.69633,0.69633,0.69633,0.69633,0.69633
0.17361,0.17361,0.17361,0.17361,0.17361
0.23417,0.23417,0.23417,0.23417,0.23417
0.0938,0.0938,0.0938,0.0938,0.0938
0.14048,0.14048,0.14048,0.14048,0.14048
0.00117,0.00117,0.00117,0.00117,0.00117
0,0,0,0,0
0,0,0,0,0
0,0,0,0,0
0,0,0,0,0
0,0,0,0,0
0,0,0,0,0
0,0,0,0,0
0,0,0,0,0
0,0,0,0,0
0,0,0,0,0
0,0,0,0,0
0,0,0,0,0
0,0,0,0,0
0.05312,0.05312,0.05312,0.05312,0.05312
0.05617,0.05617,0.05617,0.05617,0.05617
0.26256,0.26256,0.26256,0.26256,0.26256
0.39827,0.39827,0.39827,0.39827,0.39827
0.55172,0.55172,0.55172,0.55172,0.55172
0.1082,0.1082,0.1082,0.1082,0.1082
0.17052,0.17052,0.17052,0.17052,0.17052
0.06312,0.06312,0.06312,0.06312,0.06312
0.06928,0.06928,0.06928,0.06928,0.06928
0.19176,0.19176,0.19176,0.19176,0.19176
0.00197,0.00197,0.00197,0.00197,0.00197
0,0,0,0,0
0,0,0,0,0
0,0,0,0,0
0,0,0,0,0
0,0,0,0,0
0,0,0,0,0
0,0,0,0,0
0,0,0,0,0
0,0,0,0,0
0,0,0,0,0
0,0,0,0,0
0,0,0,0,0
0,0,0,0,0
0.03633,0.03633,0.03633,0.03633,0.03633
0.23858,0.23858,0.23858,0.23858,0.23858
0.14373,0.14373,0.14373,0.14373,0.14373
0.18476,0.18476,0.18476,0.18476,0.18476
0.26562,0.26562,0.26562,0.26562,0.26562
0.14009,0.14009,0.14009,0.14009,0.14009
0.10924,0.10924,0.10924,0.10924,0.10924
0.16171,0.16171,0.16171,0.16171,0.16171
0.07558,0.07558,0.07558,0.07558,0.07558
0.09851,0.09851,0.09851,0.09851,0.09851
0.00197,0.00197,0.00197,0.00197,0.00197
0,0,0,0,0
0,0,0,0,0
0,0,0,0,0
0,0,0,0,0
0,0,0,0,0
0,0,0,0,0
0,0,0,0,0
0,0,0,0,0
0,0,0,0,0
0,0,0,0,0
0,0,0,0,0
0,0,0,0,0
0,0,0,0,0
0.04056,0.04056,0.04056,0.04056,0.04056
0.08379,0.08379,0.08379,0.08379,0.08379
0.15371,0.15371,0.15371,0.15371,0.15371
0.20367,0.20367,0.20367,0.20367,0.20367
0.19325,0.19325,0.19325,0.19325,0.19325
0.68699,0.68699,0.68699,0.68699,0.68699
0.63378,0.63378,0.63378,0.63378,0.63378
0.53518,0.53518,0.53518,0.53518,0.53518
0.38844,0.38844,0.38844,0.38844,0.38844
0.20059,0.20059,0.20059,0.20059,0.20059
0.01554,0.01554,0.01554,0.01554,0.01554
0,0,0,0,0
0,0,0,0,0
0,0,0,0,0
0,0,0,0,0
0,0,0,0,0
0,0,0,0,0
0,0,0,0,0
0,0,0,0,0
0,0,0,0,0
0,0,0,0,0
0,0,0,0,0
0,0,0,0,0
0.00818,0.00818,0.00818,0.00818,0.00818
0.17918,0.17918,0.17918,0.17918,0.17918
0.37342,0.37342,0.37342,0.37342,0.37342
0.5111,0.5111,0.5111,0.5111,0.5111
0.6243,0.6243,0.6243,0.6243,0.6243
0.67812,0.67812,0.67812,0.67812,0.67812
0.67678,0.67678,0.67678,0.67678,0.67678
0.62906,0.62906,0.62906,0.62906,0.62906
0.50019,0.50019,0.50019,0.50019,0.50019
0.27603,0.27603,0.27603,0.27603,0.27603
0.17258,0.17258,0.17258,0.17258,0.17258
0.01568,0.01568,0.01568,0.01568,0.01568
0,0,0,0,0
0,0,0,0,0
0,0,0,0,0
0,0,0,0,0
0,0,0,0,0
0,0,0,0,0
0,0,0,0,0
0,0,0,0,0
0,0,0,0,0
0,0,0,0,0
0,0,0,0,0
0,0,0,0,0
0.00313,0.00313,0.00313,0.00313,0.00313
0.10753,0.10753,0.10753,0.10753,0.10753
0.23504,0.23504,0.23504,0.23504,0.23504
0.52792,0.52792,0.52792,0.52792,0.52792
0.63591,0.63591,0.63591,0.63591,0.63591
0.65644,0.65644,0.65644,0.65644,0.65644
0.61514,0.61514,0.61514,0.61514,0.61514
0.25213,0.25213,0.25213,0.25213,0.25213
0.5026,0.5026,0.5026,0.5026,0.5026
0.13007,0.13007,0.13007,0.13007,0.13007
0.16808,0.16808,0.16808,0.16808,0.16808
0.00576,0.00576,0.00576,0.00576,0.00576
0,0,0,0,0
0,0,0,0,0
0,0,0,0,0
0,0,0,0,0
0,0,0,0,0
0,0,0,0,0
0,0,0,0,0
0,0,0,0,0
0,0,0,0,0
0,0,0,0,0
0,0,0,0,0
0,0,0,0,0
0.00466,0.00466,0.00466,0.00466,0.00466
0.15546,0.15546,0.15546,0.15546,0.15546
0.34379,0.34379,0.34379,0.34379,0.34379
0.44003,0.44003,0.44003,0.44003,0.44003
0.38862,0.38862,0.38862,0.38862,0.38862
0.55093,0.55093,0.55093,0.55093,0.55093
0.63244,0.63244,0.63244,0.63244,0.63244
0.46088,0.46088,0.46088,0.46088,0.46088
0.36417,0.36417,0.36417,0.36417,0.36417
0.21701,0.21701,0.21701,0.21701,0.21701
0.20489,0.20489,0.20489,0.20489,0.20489
0.02406,0.02406,0.02406,0.02406,0.02406
0,0,0,0,0
0,0,0,0,0
0,0,0,0,0
0,0,0,0,0
0,0,0,0,0
0,0,0,0,0
0,0,0,0,0
0,0,0,0,0
0,0,0,0,0
0,0,0,0,0
0,0,0,0,0
0,0,0,0,0
0.00147,0.00147,0.00147,0.00147,0.00147
0.16684,0.16684,0.16684,0.16684,0.16684
0.34381,0.34381,0.34381,0.34381,0.34381
0.52645,0.52645,0.52645,0.52645,0.52645
0.52529,0.52529,0.52529,0.52529,0.52529
0.58943,0.58943,0.58943,0.58943,0.58943
0.36667,0.36667,0.36667,0.36667,0.36667
0.2435,0.2435,0.2435,0.2435,0.2435
0.17432,0.17432,0.17432,0.17432,0.17432
0.39012,0.39012,0.39012,0.39012,0.39012
0.19891,0.19891,0.19891,0.19891,0.19891
0.01822,0.01822,0.01822,0.01822,0.01822
0,0,0,0,0
0,0,0,0,0
0,0,0,0,0
0,0,0,0,0
0,0,0,0,0
0,0,0,0,0
0,0,0,0,0
0,0,0,0,0
0,0,0,0,0
0,0,0,0,0
0,0,0,0,0
0,0,0,0,0
0.00154,0.00154,0.00154,0.00154,0.00154
0.16509,0.16509,0.16509,0.16509,0.16509
0.35984,0.35984,0.35984,0.35984,0.35984
0.51145,0.51145,0.51145,0.51145,0.51145
0.6175,0.6175,0.6175,0.6175,0.6175
0.67146,0.67146,0.67146,0.67146,0.67146
0.67046,0.67046,0.67046,0.67046,0.67046
0.61954,0.61954,0.61954,0.61954,0.61954
0.23298,0.23298,0.23298,0.23298,0.23298
0.19626,0.19626,0.19626,0.19626,0.19626
0.19611,0.19611,0.19611,0.19611,0.19611
0.0188,0.0188,0.0188,0.0188,0.0188
0,0,0,0,0
0,0,0,0,0
0,0,0,0,0
0,0,0,0,0
0,0,0,0,0
0,0,0,0,0
0,0,0,0,0
0,0,0,0,0
0,0,0,0,0
0,0,0,0,0
0,0,0,0,0
0,0,0,0,0
0.00399,0.00399,0.00399,0.00399,0.00399
0.16748,0.16748,0.16748,0.16748,0.16748
0.35895,0.35895,0.35895,0.35895,0.35895
0.49181,0.49181,0.49181,0.49181,0.49181
0.61121,0.61121,0.61121,0.61121,0.61121
0.66432,0.66432,0.66432,0.66432,0.66432
0.37788,0.37788,0.37788,0.37788,0.37788
0.35785,0.35785,0.35785,0.35785,0.35785
0.27082,0.27082,0.27082,0.27082,0.27082
0.37218,0.37218,0.37218,0.37218,0.37218
0.18709,0.18709,0.18709,0.18709,0.18709
0.0037,0.0037,0.0037,0.0037,0.0037
0,0,0,0,0
0,0,0,0,0
0,0,0,0,0
0,0,0,0,0
0,0,0,0,0
0,0,0,0,0
0,0,0,0,0
0,0,0,0,0
0,0,0,0,0
0,0,0,0,0
0,0,0,0,0
0,0,0,0,0
0,0,0,0,0
0.06756,0.06756,0.06756,0.06756,0.06756
0.16289,0.16289,0.16289,0.16289,0.16289
0.51358,0.51358,0.51358,0.51358,0.51358
0.62511,0.62511,0.62511,0.62511,0.62511
0.68445,0.68445,0.68445,0.68445,0.68445
0.23256,0.23256,0.23256,0.23256,0.23256
0.18473,0.18473,0.18473,0.18473,0.18473
0.15952,0.15952,0.15952,0.15952,0.15952
0.11824,0.11824,0.11824,0.11824,0.11824
0.0981,0.0981,0.0981,0.0981,0.0981
0.00051,0.00051,0.00051,0.00051,0.00051
0,0,0,0,0
0,0,0,0,0
0,0,0,0,0
0,0,0,0,0
0,0,0,0,0
0,0,0,0,0
0,0,0,0,0
0,0,0,0,0
0,0,0,0,0
0,0,0,0,0
0,0,0,0,0
0,0,0,0,0
0,0,0,0,0
0.17526,0.17526,0.17526,0.17526,0.17526
0.37776,0.37776,0.37776,0.37776,0.37776
0.53669,0.53669,0.53669,0.53669,0.53669
0.64588,0.64588,0.64588,0.64588,0.64588
0.70393,0.70393,0.70393,0.70393,0.70393
0.70237,0.70237,0.70237,0.70237,0.70237
0.65285,0.65285,0.65285,0.65285,0.65285
0.54952,0.54952,0.54952,0.54952,0.54952
0.39879,0.39879,0.39879,0.39879,0.39879
0.20462,0.20462,0.20462,0.20462,0.20462
0.019,0.019,0.019,0.019,0.019
0,0,0,0,0
0,0,0,0,0
0,0,0,0,0
0,0,0,0,0
0,0,0,0,0
0,0,0,0,0
0,0,0,0,0
0,0,0,0,0
0,0,0,0,0
0,0,0,0,0
0,0,0,0,0
0,0,0,0,0
0,0,0,0,0
0.03634,0.03634,0.03634,0.03634,0.03634
0.05193,0.05193,0.05193,0.05193,0.05193
0.26829,0.26829,0.26829,0.26829,0.26829
0.29592,0.29592,0.29592,0.29592,0.29592
0.49859,0.49859,0.49859,0.49859,0.49859
0.41538,0.41538,0.41538,0.41538,0.41538
0.23884,0.23884,0.23884,0.23884,0.23884
0.30189,0.30189,0.30189,0.30189,0.30189
0.17599,0.17599,0.17599,0.17599,0.17599
0.11727,0.11727,0.11727,0.11727,0.11727
0.0053,0.0053,0.0053,0.0053,0.0053
0,0,0,0,0
0,0,0,0,0
0,0,0,0,0
0,0,0,0,0
0,0,0,0,0
0,0,0,0,0
0,0,0,0,0
0,0,0,0,0
0,0,0,0,0
0,0,0,0,0
0,0,0,0,0
0,0,0,0,0
0,0,0,0,0
0.02645,0.02645,0.02645,0.02645,0.02645
0.06965,0.06965,0.06965,0.06965,0.06965
0.16794,0.16794,0.16794,0.16794,0.16794
0.27028,0.27028,0.27028,0.27028,0.27028
0.30111,0.30111,0.30111,0.30111,0.30111
0.34578,0.34578,0.34578,0.34578,0.34578
0.19565,0.19565,0.19565,0.19565,0.19565
0.15554,0.15554,0.15554,0.15554,0.15554
0.02951,0.02951,0.02951,0.02951,0.02951
0.06901,0.06901,0.06901,0.06901,0.06901
0.00318,0.00318,0.00318,0.00318,0.00318
0,0,0,0,0
0,0,0,0,0
0,0,0,0,0
0,0,0,0,0
0,0,0,0,0
0,0,0,0,0
0,0,0,0,0
0,0,0,0,0
0,0,0,0,0
0,0,0,0,0
0,0,0,0,0
0,0,0,0,0
0,0,0,0,0
0.16233,0.16233,0.16233,0.16233,0.16233
0.35583,0.35583,0.35583,0.35583,0.35583
0.50776,0.50776,0.50776,0.50776,0.50776
0.61569,0.61569,0.61569,0.61569,0.61569
0.67157,0.67157,0.67157,0.67157,0.67157
0.26583,0.26583,0.26583,0.26583,0.26583
0.37421,0.37421,0.37421,0.37421,0.37421
0.53487,0.53487,0.53487,0.53487,0.53487
0.37874,0.37874,0.37874,0.37874,0.37874
0.20035,0.20035,0.20035,0.20035,0.20035
0.0198,0.0198,0.0198,0.0198,0.0198
0,0,0,0,0
0,0,0,0,0
0,0,0,0,0
0,0,0,0,0
0,0,0,0,0
0,0,0,0,0
0,0,0,0,0
0,0,0,0,0
0,0,0,0,0
0,0,0,0,0
0,0,0,0,0
0,0,0,0,0
0,0,0,0,0
0.16797,0.16797,0.16797,0.16797,0.16797
0.36678,0.36678,0.36678,0.36678,0.36678
0.52186,0.52186,0.52186,0.52186,0.52186
0.63001,0.63001,0.63001,0.63001,0.63001
0.68825,0.68825,0.68825,0.68825,0.68825
0.42214,0.42214,0.42214,0.42214,0.42214
0.2598,0.2598,0.2598,0.2598,0.2598
0.30413,0.30413,0.30413,0.30413,0.30413
0.36966,0.36966,0.36966,0.36966,0.36966
0.20764,0.20764,0.20764,0.20764,0.20764
0.02163,0.02163,0.02163,0.02163,0.02163
0,0,0,0,0
0,0,0,0,0
0,0,0,0,0
0,0,0,0,0
0,0,0,0,0
0,0,0,0,0
0,0,0,0,0
0,0,0,0,0
0,0,0,0,0
0,0,0,0,0
0,0,0,0,0
0,0,0,0,0
0,0,0,0,0
0.1658,0.1658,0.1658,0.1658,0.1658
0.37896,0.37896,0.37896,0.37896,0.37896
0.37051,0.37051,0.37051,0.37051,0.37051
0.63293,0.63293,0.63293,0.63293,0.63293
0.70749,0.70749,0.70749,0.70749,0.70749
0.71183,0.71183,0.71183,0.71183,0.71183
0.66297,0.66297,0.66297,0.66297,0.66297
0.56079,0.56079,0.56079,0.56079,0.56079
0.41019,0.41019,0.41019,0.41019,0.41019
0.21439,0.21439,0.21439,0.21439,0.21439
0.02514,0.02514,0.02514,0.02514,0.02514
0,0,0,0,0
0,0,0,0,0
0,0,0,0,0
0,0,0,0,0
0,0,0,0,0
0,0,0,0,0
0,0,0,0,0
0,0,0,0,0
0,0,0,0,0
0,0,0,0,0
0,0,0,0,0
0,0,0,0,0
0,0,0,0,0
0.17158,0.17158,0.17158,0.17158,0.17158
0.37105,0.37105,0.37105,0.37105,0.37105
0.48925,0.48925,0.48925,0.48925,0.48925
0.63692,0.63692,0.63692,0.63692,0.63692
0.61933,0.61933,0.61933,0.61933,0.61933
0.67904,0.67904,0.67904,0.67904,0.67904
0.47446,0.47446,0.47446,0.47446,0.47446
0.2031,0.2031,0.2031,0.2031,0.2031
0.40405,0.40405,0.40405,0.40405,0.40405
0.20892,0.20892,0.20892,0.20892,0.20892
0.02115,0.02115,0.02115,0.02115,0.02115
0,0,0,0,0
0,0,0,0,0
0,0,0,0,0
0,0,0,0,0
0,0,0,0,0
0,0,0,0,0
0,0,0,0,0
0,0,0,0,0
0,0,0,0,0
0,0,0,0,0
0,0,0,0,0
0,0,0,0,0
0,0,0,0,0
0.13585,0.13585,0.13585,0.13585,0.13585
0.36592,0.36592,0.36592,0.36592,0.36592
0.37515,0.37515,0.37515,0.37515,0.37515
0.61466,0.61466,0.61466,0.61466,0.61466
0.66374,0.66374,0.66374,0.66374,0.66374
0.70056,0.70056,0.70056,0.70056,0.70056
0.65157,0.65157,0.65157,0.65157,0.65157
0.54938,0.54938,0.54938,0.54938,0.54938
0.40143,0.40143,0.40143,0.40143,0.40143
0.20812,0.20812,0.20812,0.20812,0.20812
0.02114,0.02114,0.02114,0.02114,0.02114
0,0,0,0,0
0,0,0,0,0
0,0,0,0,0
0,0,0,0,0
0,0,0,0,0
0,0,0,0,0
0,0,0,0,0
0,0,0,0,0
0,0,0,0,0
0,0,0,0,0
0,0,0,0,0
0,0,0,0,0
0,0,0,0,0
0.0913,0.0913,0.0913,0.0913,0.0913
0.20403,0.20403,0.20403,0.20403,0.20403
0.33813,0.33813,0.33813,0.33813,0.33813
0.45634,0.45634,0.45634,0.45634,0.45634
0.40321,0.40321,0.40321,0.40321,0.40321
0.42851,0.42851,0.42851,0.42851,0.42851
0.2563,0.2563,0.2563,0.2563,0.2563
0.30018,0.30018,0.30018,0.30018,0.30018
0.19142,0.19142,0.19142,0.19142,0.19142
0.19485,0.19485,0.19485,0.19485,0.19485
0.00331,0.00331,0.00331,0.00331,0.00331
0,0,0,0,0
0,0,0,0,0
0,0,0,0,0
0,0,0,0,0
0,0,0,0,0
0,0,0,0,0
0,0,0,0,0
0,0,0,0,0
0,0,0,0,0
0,0,0,0,0
0,0,0,0,0
0,0,0,0,0
0,0,0,0,0
0.14938,0.14938,0.14938,0.14938,0.14938
0.34814,0.34814,0.34814,0.34814,0.34814
0.51083,0.51083,0.51083,0.51083,0.51083
0.58534,0.58534,0.58534,0.58534,0.58534
0.42409,0.42409,0.42409,0.42409,0.42409
0.2764,0.2764,0.2764,0.2764,0.2764
0.42393,0.42393,0.42393,0.42393,0.42393
0.2639,0.2639,0.2639,0.2639,0.2639
0.25527,0.25527,0.25527,0.25527,0.25527
0.20241,0.20241,0.20241,0.20241,0.20241
0.01925,0.01925,0.01925,0.01925,0.01925
0,0,0,0,0
0,0,0,0,0
0,0,0,0,0
0,0,0,0,0
0,0,0,0,0
0,0,0,0,0
0,0,0,0,0
0,0,0,0,0
0,0,0,0,0
0,0,0,0,0
0,0,0,0,0
0,0,0,0,0
0,0,0,0,0
0.15344,0.15344,0.15344,0.15344,0.15344
0.35023,0.35023,0.35023,0.35023,0.35023
0.51001,0.51001,0.51001,0.51001,0.51001
0.61775,0.61775,0.61775,0.61775,0.61775
0.63755,0.63755,0.63755,0.63755,0.63755
0.68212,0.68212,0.68212,0.68212,0.68212
0.30451,0.30451,0.30451,0.30451,0.30451
0.39422,0.39422,0.39422,0.39422,0.39422
0.33362,0.33362,0.33362,0.33362,0.33362
0.20359,0.20359,0.20359,0.20359,0.20359
0.01246,0.01246,0.01246,0.01246,0.01246
0,0,0,0,0
0,0,0,0,0
0,0,0,0,0
0,0,0,0,0
0,0,0,0,0
0,0,0,0,0
0,0,0,0,0
0,0,0,0,0
0,0,0,0,0
0,0,0,0,0
0,0,0,0,0
0,0,0,0,0
0,0,0,0,0
0.1393,0.1393,0.1393,0.1393,0.1393
0.3549,0.3549,0.3549,0.3549,0.3549
0.33894,0.33894,0.33894,0.33894,0.33894
0.43129,0.43129,0.43129,0.43129,0.43129
0.4292,0.4292,0.4292,0.4292,0.4292
0.41331,0.41331,0.41331,0.41331,0.41331
0.4709,0.4709,0.4709,0.4709,0.4709
0.36625,0.36625,0.36625,0.36625,0.36625
0.4034,0.4034,0.4034,0.4034,0.4034
0.21203,0.21203,0.21203,0.21203,0.21203
0.0254,0.0254,0.0254,0.0254,0.0254
0,0,0,0,0
0,0,0,0,0
0,0,0,0,0
0,0,0,0,0
0,0,0,0,0
0,0,0,0,0
0,0,0,0,0
0,0,0,0,0
0,0,0,0,0
0,0,0,0,0
0,0,0,0,0
0,0,0,0,0
0,0,0,0,0
0.16501,0.16501,0.16501,0.16501,0.16501
0.3624,0.3624,0.3624,0.3624,0.3624
0.51898,0.51898,0.51898,0.51898,0.51898
0.62968,0.62968,0.62968,0.62968,0.62968
0.68815,0.68815,0.68815,0.68815,0.68815
0.6933,0.6933,0.6933,0.6933,0.6933
0.64724,0.64724,0.64724,0.64724,0.64724
0.54883,0.54883,0.54883,0.54883,0.54883
0.40173,0.40173,0.40173,0.40173,0.40173
0.21249,0.21249,0.21249,0.21249,0.21249
0.02731,0.02731,0.02731,0.02731,0.02731
0,0,0,0,0
0,0,0,0,0
0,0,0,0,0
0,0,0,0,0
0,0,0,0,0
0,0,0,0,0
0,0,0,0,0
0,0,0,0,0
0,0,0,0,0
0,0,0,0,0
0,0,0,0,0
0,0,0,0,0
0,0,0,0,0
0.15787,0.15787,0.15787,0.15787,0.15787
0.35672,0.35672,0.35672,0.35672,0.35672
0.51754,0.51754,0.51754,0.51754,0.51754
0.63091,0.63091,0.63091,0.63091,0.63091
0.58764,0.58764,0.58764,0.58764,0.58764
0.67631,0.67631,0.67631,0.67631,0.67631
0.6443,0.6443,0.6443,0.6443,0.6443
0.54311,0.54311,0.54311,0.54311,0.54311
0.39608,0.39608,0.39608,0.39608,0.39608
0.20607,0.20607,0.20607,0.20607,0.20607
0.02208,0.02208,0.02208,0.02208,0.02208
0,0,0,0,0
0,0,0,0,0
0,0,0,0,0
0,0,0,0,0
0,0,0,0,0
0,0,0,0,0
0,0,0,0,0
0,0,0,0,0
0,0,0,0,0
0,0,0,0,0
0,0,0,0,0
0,0,0,0,0
0,0,0,0,0
0.15541,0.15541,0.15541,0.15541,0.15541
0.35306,0.35306,0.35306,0.35306,0.35306
0.51046,0.51046,0.51046,0.51046,0.51046
0.62447,0.62447,0.62447,0.62447,0.62447
0.68497,0.68497,0.68497,0.68497,0.68497
0.68974,0.68974,0.68974,0.68974,0.68974
0.64361,0.64361,0.64361,0.64361,0.64361
0.54414,0.54414,0.54414,0.54414,0.54414
0.39619,0.39619,0.39619,0.39619,0.39619
0.20832,0.20832,0.20832,0.20832,0.20832
0.02198,0.02198,0.02198,0.02198,0.02198
0,0,0,0,0
0,0,0,0,0
0,0,0,0,0
0,0,0,0,0
0,0,0,0,0
0,0,0,0,0
0,0,0,0,0
0,0,0,0,0
0,0,0,0,0
0,0,0,0,0
0,0,0,0,0
0,0,0,0,0
0,0,0,0,0
0.1577,0.1577,0.1577,0.1577,0.1577
0.35221,0.35221,0.35221,0.35221,0.35221
0.50999,0.50999,0.50999,0.50999,0.50999
0.61733,0.61733,0.61733,0.61733,0.61733
0.67723,0.67723,0.67723,0.67723,0.67723
0.677,0.677,0.677,0.677,0.677
0.62993,0.62993,0.62993,0.62993,0.62993
0.53481,0.53481,0.53481,0.53481,0.53481
0.38464,0.38464,0.38464,0.38464,0.38464
0.197,0.197,0.197,0.197,0.197
0.00132,0.00132,0.00132,0.00132,0.00132
0,0,0,0,0
0,0,0,0,0
0,0,0,0,0
0,0,0,0,0
0,0,0,0,0
0,0,0,0,0
0,0,0,0,0
0,0,0,0,0
0,0,0,0,0
0,0,0,0,0
0,0,0,0,0
0,0,0,0,0
0,0,0,0,0
0.04447,0.04447,0.04447,0.04447,0.04447
0.0294,0.0294,0.0294,0.0294,0.0294
0.15335,0.15335,0.15335,0.15335,0.15335
0.31098,0.31098,0.31098,0.31098,0.31098
0.32886,0.32886,0.32886,0.32886,0.32886
0.20342,0.20342,0.20342,0.20342,0.20342
0.18427,0.18427,0.18427,0.18427,0.18427
0.22762,0.22762,0.22762,0.22762,0.22762
0.20868,0.20868,0.20868,0.20868,0.20868
0.12266,0.12266,0.12266,0.12266,0.12266
0.00853,0.00853,0.00853,0.00853,0.00853
0,0,0,0,0
0,0,0,0,0
0,0,0,0,0
0,0,0,0,0
0,0,0,0,0
0,0,0,0,0
0,0,0,0,0
0,0,0,0,0
0,0,0,0,0
0,0,0,0,0
0,0,0,0,0
0,0,0,0,0
0,0,0,0,0
0.13373,0.13373,0.13373,0.13373,0.13373
0.30756,0.30756,0.30756,0.30756,0.30756
0.49168,0.49168,0.49168,0.49168,0.49168
0.605,0.605,0.605,0.605,0.605
0.58777,0.58777,0.58777,0.58777,0.58777
0.67125,0.67125,0.67125,0.67125,0.67125
0.5232,0.5232,0.5232,0.5232,0.5232
0.53184,0.53184,0.53184,0.53184,0.53184
0.22331,0.22331,0.22331,0.22331,0.22331
0.19575,0.19575,0.19575,0.19575,0.19575
0,0,0,0,0
0,0,0,0,0
0,0,0,0,0
0,0,0,0,0
0,0,0,0,0
0,0,0,0,0
0,0,0,0,0
0,0,0,0,0
0,0,0,0,0
0,0,0,0,0
0,0,0,0,0
0,0,0,0,0
0,0,0,0,0
0,0,0,0,0
0.14327,0.14327,0.14327,0.14327,0.14327
0.34265,0.34265,0.34265,0.34265,0.34265
0.50475,0.50475,0.50475,0.50475,0.50475
0.37197,0.37197,0.37197,0.37197,0.37197
0.66861,0.66861,0.66861,0.66861,0.66861
0.54445,0.54445,0.54445,0.54445,0.54445
0.37806,0.37806,0.37806,0.37806,0.37806
0.38764,0.38764,0.38764,0.38764,0.38764
0.30023,0.30023,0.30023,0.30023,0.30023
0.19007,0.19007,0.19007,0.19007,0.19007
0.01918,0.01918,0.01918,0.01918,0.01918
0,0,0,0,0
0,0,0,0,0
0,0,0,0,0
0,0,0,0,0
0,0,0,0,0
0,0,0,0,0
0,0,0,0,0
0,0,0,0,0
0,0,0,0,0
0,0,0,0,0
0,0,0,0,0
0,0,0,0,0
0,0,0,0,0
0.01906,0.01906,0.01906,0.01906,0.01906
0.04634,0.04634,0.04634,0.04634,0.04634
0.24263,0.24263,0.24263,0.24263,0.24263
0.28383,0.28383,0.28383,0.28383,0.28383
0.33892,0.33892,0.33892,0.33892,0.33892
0.41539,0.41539,0.41539,0.41539,0.41539
0.31235,0.31235,0.31235,0.31235,0.31235
0.32504,0.32504,0.32504,0.32504,0.32504
0.21439,0.21439,0.21439,0.21439,0.21439
0.14491,0.14491,0.14491,0.14491,0.14491
0.00216,0.00216,0.00216,0.00216,0.00216
0,0,0,0,0
0,0,0,0,0
0,0,0,0,0
0,0,0,0,0
0,0,0,0,0
0,0,0,0,0
0,0,0,0,0
0,0,0,0,0
0,0,0,0,0
0,0,0,0,0
0,0,0,0,0
0,0,0,0,0
0,0,0,0,0
0.02554,0.02554,0.02554,0.02554,0.02554
0.08746,0.08746,0.08746,0.08746,0.08746
0.08122,0.08122,0.08122,0.08122,0.08122
0.05365,0.05365,0.05365,0.05365,0.05365
0.06252,0.06252,0.06252,0.06252,0.06252
0.13025,0.13025,0.13025,0.13025,0.13025
0.06182,0.06182,0.06182,0.06182,0.06182
0.0369,0.0369,0.0369,0.0369,0.0369
0.03789,0.03789,0.03789,0.03789,0.03789
0.00298,0.00298,0.00298,0.00298,0.00298
0,0,0,0,0
0,0,0,0,0
0,0,0,0,0
0,0,0,0,0
0,0,0,0,0
0,0,0,0,0
0,0,0,0,0
0,0,0,0,0
0,0,0,0,0
0,0,0,0,0
0,0,0,0,0
0,0,0,0,0
0,0,0,0,0
0,0,0,0,0
0.04026,0.04026,0.04026,0.04026,0.04026
0.19204,0.19204,0.19204,0.19204,0.19204
0.33551,0.33551,0.33551,0.33551,0.33551
0.37073,0.37073,0.37073,0.37073,0.37073
0.33898,0.33898,0.33898,0.33898,0.33898
0.33495,0.33495,0.33495,0.33495,0.33495
0.13754,0.13754,0.13754,0.13754,0.13754
0.25515,0.25515,0.25515,0.25515,0.25515
0.05552,0.05552,0.05552,0.05552,0.05552
0.01092,0.01092,0.01092,0.01092,0.01092
0,0,0,0,0
0,0,0,0,0
0,0,0,0,0
0,0,0,0,0
0,0,0,0,0
0,0,0,0,0
0,0,0,0,0
0,0,0,0,0
0,0,0,0,0
0,0,0,0,0
0,0,0,0,0
0,0,0,0,0
0,0,0,0,0
0,0,0,0,0
0.14835,0.14835,0.14835,0.14835,0.14835
0.34104,0.34104,0.34104,0.34104,0.34104
0.49601,0.49601,0.49601,0.49601,0.49601
0.60689,0.60689,0.60689,0.60689,0.60689
0.66646,0.66646,0.66646,0.66646,0.66646
0.59694,0.59694,0.59694,0.59694,0.59694
0.43745,0.43745,0.43745,0.43745,0.43745
0.46058,0.46058,0.46058,0.46058,0.46058
0.24605,0.24605,0.24605,0.24605,0.24605
0.10823,0.10823,0.10823,0.10823,0.10823
0.00572,0.00572,0.00572,0.00572,0.00572
0,0,0,0,0
0,0,0,0,0
0,0,0,0,0
0,0,0,0,0
0,0,0,0,0
0,0,0,0,0
0,0,0,0,0
0,0,0,0,0
0,0,0,0,0
0,0,0,0,0
0,0,0,0,0
0,0,0,0,0
0,0,0,0,0
0.12656,0.12656,0.12656,0.12656,0.12656
0.31592,0.31592,0.31592,0.31592,0.31592
0.24987,0.24987,0.24987,0.24987,0.24987
0.32378,0.32378,0.32378,0.32378,0.32378
0.40234,0.40234,0.40234,0.40234,0.40234
0.20825,0.20825,0.20825,0.20825,0.20825
0.65309,0.65309,0.65309,0.65309,0.65309
0.24558,0.24558,0.24558,0.24558,0.24558
0.33745,0.33745,0.33745,0.33745,0.33745
0.17781,0.17781,0.17781,0.17781,0.17781
0.01023,0.01023,0.01023,0.01023,0.01023
0,0,0,0,0
0,0,0,0,0
0,0,0,0,0
0,0,0,0,0
0,0,0,0,0
0,0,0,0,0
0,0,0,0,0
0,0,0,0,0
0,0,0,0,0
0,0,0,0,0
0,0,0,0,0
0,0,0,0,0
0,0,0,0,0
0.10825,0.10825,0.10825,0.10825,0.10825
0.30445,0.30445,0.30445,0.30445,0.30445
0.41296,0.41296,0.41296,0.41296,0.41296
0.52904,0.52904,0.52904,0.52904,0.52904
0.57123,0.57123,0.57123,0.57123,0.57123
0.69619,0.69619,0.69619,0.69619,0.69619
0.65879,0.65879,0.65879,0.65879,0.65879
0.55615,0.55615,0.55615,0.55615,0.55615
0.36938,0.36938,0.36938,0.36938,0.36938
0.21167,0.21167,0.21167,0.21167,0.21167
0.02349,0.02349,0.02349,0.02349,0.02349
0,0,0,0,0
0,0,0,0,0
0,0,0,0,0
0,0,0,0,0
0,0,0,0,0
0,0,0,0,0
0,0,0,0,0
0,0,0,0,0
0,0,0,0,0
0,0,0,0,0
0,0,0,0,0
0,0,0,0,0
0,0,0,0,0
0.11594,0.11594,0.11594,0.11594,0.11594
0.13879,0.13879,0.13879,0.13879,0.13879
0.26998,0.26998,0.26998,0.26998,0.26998
0.60988,0.60988,0.60988,0.60988,0.60988
0.61216,0.61216,0.61216,0.61216,0.61216
0.55285,0.55285,0.55285,0.55285,0.55285
0.47008,0.47008,0.47008,0.47008,0.47008
0.47857,0.47857,0.47857,0.47857,0.47857
0.29432,0.29432,0.29432,0.29432,0.29432
0.07081,0.07081,0.07081,0.07081,0.07081
0.00244,0.00244,0.00244,0.00244,0.00244
0,0,0,0,0
0,0,0,0,0
0,0,0,0,0
0,0,0,0,0
0,0,0,0,0
0,0,0,0,0
0,0,0,0,0
0,0,0,0,0
0,0,0,0,0
0,0,0,0,0
0,0,0,0,0
0,0,0,0,0
0,0,0,0,0
0.0132,0.0132,0.0132,0.0132,0.0132
0.1356,0.1356,0.1356,0.1356,0.1356
0.38198,0.38198,0.38198,0.38198,0.38198
0.26973,0.26973,0.26973,0.26973,0.26973
0.32731,0.32731,0.32731,0.32731,0.32731
0.42594,0.42594,0.42594,0.42594,0.42594
0.21226,0.21226,0.21226,0.21226,0.21226
0.12766,0.12766,0.12766,0.12766,0.12766
0.01272,0.01272,0.01272,0.01272,0.01272
0.02896,0.02896,0.02896,0.02896,0.02896
0,0,0,0,0
0,0,0,0,0
0,0,0,0,0
0,0,0,0,0
0,0,0,0,0
0,0,0,0,0
0,0,0,0,0
0,0,0,0,0
0,0,0,0,0
0,0,0,0,0
0,0,0,0,0
0,0,0,0,0
0,0,0,0,0
0,0,0,0,0
0.02414,0.02414,0.02414,0.02414,0.02414
0.11982,0.11982,0.11982,0.11982,0.11982
0.33541,0.33541,0.33541,0.33541,0.33541
0.35979,0.35979,0.35979,0.35979,0.35979
0.61463,0.61463,0.61463,0.61463,0.61463
0.54811,0.54811,0.54811,0.54811,0.54811
0.39099,0.39099,0.39099,0.39099,0.39099
0.28501,0.28501,0.28501,0.28501,0.28501
0.18042,0.18042,0.18042,0.18042,0.18042
0.15975,0.15975,0.15975,0.15975,0.15975
0.01445,0.01445,0.01445,0.01445,0.01445
0,0,0,0,0
0,0,0,0,0
0,0,0,0,0
0,0,0,0,0
0,0,0,0,0
0,0,0,0,0
0,0,0,0,0
0,0,0,0,0
0,0,0,0,0
0,0,0,0,0
0,0,0,0,0
0,0,0,0,0
0,0,0,0,0
0.04036,0.04036,0.04036,0.04036,0.04036
0.12787,0.12787,0.12787,0.12787,0.12787
0.35006,0.35006,0.35006,0.35006,0.35006
0.44109,0.44109,0.44109,0.44109,0.44109
0.69323,0.69323,0.69323,0.69323,0.69323
0.72104,0.72104,0.72104,0.72104,0.72104
0.67607,0.67607,0.67607,0.67607,0.67607
0.38833,0.38833,0.38833,0.38833,0.38833
0.42345,0.42345,0.42345,0.42345,0.42345
0.22662,0.22662,0.22662,0.22662,0.22662
0.03011,0.03011,0.03011,0.03011,0.03011
0,0,0,0,0
0,0,0,0,0
0,0,0,0,0
0,0,0,0,0
0,0,0,0,0
0,0,0,0,0
0,0,0,0,0
0,0,0,0,0
0,0,0,0,0
0,0,0,0,0
0,0,0,0,0
0,0,0,0,0
0,0,0,0,0
0.13633,0.13633,0.13633,0.13633,0.13633
0.29315,0.29315,0.29315,0.29315,0.29315
0.51885,0.51885,0.51885,0.51885,0.51885
0.63414,0.63414,0.63414,0.63414,0.63414
0.28456,0.28456,0.28456,0.28456,0.28456
0.39968,0.39968,0.39968,0.39968,0.39968
0.19675,0.19675,0.19675,0.19675,0.19675
0.38968,0.38968,0.38968,0.38968,0.38968
0.40933,0.40933,0.40933,0.40933,0.40933
0.21329,0.21329,0.21329,0.21329,0.21329
0.02152,0.02152,0.02152,0.02152,0.02152
0,0,0,0,0
0,0,0,0,0
0,0,0,0,0
0,0,0,0,0
0,0,0,0,0
0,0,0,0,0
0,0,0,0,0
0,0,0,0,0
0,0,0,0,0
0,0,0,0,0
0,0,0,0,0
0,0,0,0,0
0,0,0,0,0
0.15101,0.15101,0.15101,0.15101,0.15101
0.29059,0.29059,0.29059,0.29059,0.29059
0.47033,0.47033,0.47033,0.47033,0.47033
0.63384,0.63384,0.63384,0.63384,0.63384
0.69505,0.69505,0.69505,0.69505,0.69505
0.70235,0.70235,0.70235,0.70235,0.70235
0.65678,0.65678,0.65678,0.65678,0.65678
0.48036,0.48036,0.48036,0.48036,0.48036
0.28865,0.28865,0.28865,0.28865,0.28865
0.14928,0.14928,0.14928,0.14928,0.14928
0.00298,0.00298,0.00298,0.00298,0.00298
0,0,0,0,0
0,0,0,0,0
0,0,0,0,0
0,0,0,0,0
0,0,0,0,0
0,0,0,0,0
0,0,0,0,0
0,0,0,0,0
0,0,0,0,0
0,0,0,0,0
0,0,0,0,0
0,0,0,0,0
0,0,0,0,0
0.15147,0.15147,0.15147,0.15147,0.15147
0.35309,0.35309,0.35309,0.35309,0.35309
0.51281,0.51281,0.51281,0.51281,0.51281
0.62627,0.62627,0.62627,0.62627,0.62627
0.68775,0.68775,0.68775,0.68775,0.68775
0.69463,0.69463,0.69463,0.69463,0.69463
0.55792,0.55792,0.55792,0.55792,0.55792
0.36874,0.36874,0.36874,0.36874,0.36874
0.41464,0.41464,0.41464,0.41464,0.41464
0.18087,0.18087,0.18087,0.18087,0.18087
0.03226,0.03226,0.03226,0.03226,0.03226
0,0,0,0,0
0,0,0,0,0
0,0,0,0,0
0,0,0,0,0
0,0,0,0,0
0,0,0,0,0
0,0,0,0,0
0,0,0,0,0
0,0,0,0,0
0,0,0,0,0
0,0,0,0,0
0,0,0,0,0
0,0,0,0,0
0.1418,0.1418,0.1418,0.1418,0.1418
0.31811,0.31811,0.31811,0.31811,0.31811
0.5147,0.5147,0.5147,0.5147,0.5147
0.63187,0.63187,0.63187,0.63187,0.63187
0.6959,0.6959,0.6959,0.6959,0.6959
0.70478,0.70478,0.70478,0.70478,0.70478
0.66031,0.66031,0.66031,0.66031,0.66031
0.56319,0.56319,0.56319,0.56319,0.56319
0.41572,0.41572,0.41572,0.41572,0.41572
0.22667,0.22667,0.22667,0.22667,0.22667
0.03391,0.03391,0.03391,0.03391,0.03391
0,0,0,0,0
0,0,0,0,0
0,0,0,0,0
0,0,0,0,0
0,0,0,0,0
0,0,0,0,0
0,0,0,0,0
0,0,0,0,0
0,0,0,0,0
0,0,0,0,0
0,0,0,0,0
0,0,0,0,0
0,0,0,0,0
0.14133,0.14133,0.14133,0.14133,0.14133
0.34986,0.34986,0.34986,0.34986,0.34986
0.51137,0.51137,0.51137,0.51137,0.51137
0.59603,0.59603,0.59603,0.59603,0.59603
0.62512,0.62512,0.62512,0.62512,0.62512
0.61727,0.61727,0.61727,0.61727,0.61727
0.64513,0.64513,0.64513,0.64513,0.64513
0.54541,0.54541,0.54541,0.54541,0.54541
0.30039,0.30039,0.30039,0.30039,0.30039
0.15061,0.15061,0.15061,0.15061,0.15061
0.01109,0.01109,0.01109,0.01109,0.01109
0,0,0,0,0
0,0,0,0,0
0,0,0,0,0
0,0,0,0,0
0,0,0,0,0
0,0,0,0,0
0,0,0,0,0
0,0,0,0,0
0,0,0,0,0
0,0,0,0,0
0,0,0,0,0
0,0,0,0,0
0,0,0,0,0
0.06398,0.06398,0.06398,0.06398,0.06398
0.31531,0.31531,0.31531,0.31531,0.31531
0.44773,0.44773,0.44773,0.44773,0.44773
0.57064,0.57064,0.57064,0.57064,0.57064
0.6241,0.6241,0.6241,0.6241,0.6241
0.54201,0.54201,0.54201,0.54201,0.54201
0.57612,0.57612,0.57612,0.57612,0.57612
0.26155,0.26155,0.26155,0.26155,0.26155
0.07821,0.07821,0.07821,0.07821,0.07821
0.05112,0.05112,0.05112,0.05112,0.05112
0.00135,0.00135,0.00135,0.00135,0.00135
0,0,0,0,0
0,0,0,0,0
0,0,0,0,0
0,0,0,0,0
0,0,0,0,0
0,0,0,0,0
0,0,0,0,0
0,0,0,0,0
0,0,0,0,0
0,0,0,0,0
0,0,0,0,0
0,0,0,0,0
0,0,0,0,0
0.11824,0.11824,0.11824,0.11824,0.11824
0.32138,0.32138,0.32138,0.32138,0.32138
0.32121,0.32121,0.32121,0.32121,0.32121
0.53822,0.53822,0.53822,0.53822,0.53822
0.59188,0.59188,0.59188,0.59188,0.59188
0.45732,0.45732,0.45732,0.45732,0.45732
0.43067,0.43067,0.43067,0.43067,0.43067
0.40264,0.40264,0.40264,0.40264,0.40264
0.39458,0.39458,0.39458,0.39458,0.39458
0.11841,0.11841,0.11841,0.11841,0.11841
0.00538,0.00538,0.00538,0.00538,0.00538
0,0,0,0,0
0,0,0,0,0
0,0,0,0,0
0,0,0,0,0
0,0,0,0,0
0,0,0,0,0
0,0,0,0,0
0,0,0,0,0
0,0,0,0,0
0,0,0,0,0
0,0,0,0,0
0,0,0,0,0
0,0,0,0,0
0.06747,0.06747,0.06747,0.06747,0.06747
0.16253,0.16253,0.16253,0.16253,0.16253
0.35126,0.35126,0.35126,0.35126,0.35126
0.51647,0.51647,0.51647,0.51647,0.51647
0.40453,0.40453,0.40453,0.40453,0.40453
0.40821,0.40821,0.40821,0.40821,0.40821
0.32184,0.32184,0.32184,0.32184,0.32184
0.30704,0.30704,0.30704,0.30704,0.30704
0.15662,0.15662,0.15662,0.15662,0.15662
0.09908,0.09908,0.09908,0.09908,0.09908
0.00611,0.00611,0.00611,0.00611,0.00611
0,0,0,0,0
0,0,0,0,0
0,0,0,0,0
0,0,0,0,0
0,0,0,0,0
0,0,0,0,0
0,0,0,0,0
0,0,0,0,0
0,0,0,0,0
0,0,0,0,0
0,0,0,0,0
0,0,0,0,0
0,0,0,0,0
0.1174,0.1174,0.1174,0.1174,0.1174
0.27531,0.27531,0.27531,0.27531,0.27531
0.43793,0.43793,0.43793,0.43793,0.43793
0.59186,0.59186,0.59186,0.59186,0.59186
0.4822,0.4822,0.4822,0.4822,0.4822
0.67239,0.67239,0.67239,0.67239,0.67239
0.60675,0.60675,0.60675,0.60675,0.60675
0.40139,0.40139,0.40139,0.40139,0.40139
0.26209,0.26209,0.26209,0.26209,0.26209
0.20799,0.20799,0.20799,0.20799,0.20799
0.0232,0.0232,0.0232,0.0232,0.0232
0,0,0,0,0
0,0,0,0,0
0,0,0,0,0
0,0,0,0,0
0,0,0,0,0
0,0,0,0,0
0,0,0,0,0
0,0,0,0,0
0,0,0,0,0
0,0,0,0,0
0,0,0,0,0
0,0,0,0,0
0,0,0,0,0
0.12689,0.12689,0.12689,0.12689,0.12689
0.35024,0.35024,0.35024,0.35024,0.35024
0.51032,0.51032,0.51032,0.51032,0.51032
0.62195,0.62195,0.62195,0.62195,0.62195
0.68161,0.68161,0.68161,0.68161,0.68161
0.68673,0.68673,0.68673,0.68673,0.68673
0.53794,0.53794,0.53794,0.53794,0.53794
0.55147,0.55147,0.55147,0.55147,0.55147
0.40931,0.40931,0.40931,0.40931,0.40931
0.22677,0.22677,0.22677,0.22677,0.22677
0.04203,0.04203,0.04203,0.04203,0.04203
0,0,0,0,0
0,0,0,0,0
0,0,0,0,0
0,0,0,0,0
0,0,0,0,0
0,0,0,0,0
0,0,0,0,0
0,0,0,0,0
0,0,0,0,0
0,0,0,0,0
0,0,0,0,0
0,0,0,0,0
0,0,0,0,0
0.15262,0.15262,0.15262,0.15262,0.15262
0.34617,0.34617,0.34617,0.34617,0.34617
0.50068,0.50068,0.50068,0.50068,0.50068
0.60872,0.60872,0.60872,0.60872,0.60872
0.66982,0.66982,0.66982,0.66982,0.66982
0.67789,0.67789,0.67789,0.67789,0.67789
0.58406,0.58406,0.58406,0.58406,0.58406
0.42674,0.42674,0.42674,0.42674,0.42674
0.16869,0.16869,0.16869,0.16869,0.16869
0.22674,0.22674,0.22674,0.22674,0.22674
0.03115,0.03115,0.03115,0.03115,0.03115
0,0,0,0,0
0,0,0,0,0
0,0,0,0,0
0,0,0,0,0
0,0,0,0,0
0,0,0,0,0
0,0,0,0,0
0,0,0,0,0
0,0,0,0,0
0,0,0,0,0
0,0,0,0,0
0,0,0,0,0
0,0,0,0,0
0.15534,0.15534,0.15534,0.15534,0.15534
0.35669,0.35669,0.35669,0.35669,0.35669
0.51517,0.51517,0.51517,0.51517,0.51517
0.62538,0.62538,0.62538,0.62538,0.62538
0.68631,0.68631,0.68631,0.68631,0.68631
0.68839,0.68839,0.68839,0.68839,0.68839
0.64899,0.64899,0.64899,0.64899,0.64899
0.51925,0.51925,0.51925,0.51925,0.51925
0.34678,0.34678,0.34678,0.34678,0.34678
0.17756,0.17756,0.17756,0.17756,0.17756
0.04267,0.04267,0.04267,0.04267,0.04267
0,0,0,0,0
0,0,0,0,0
0,0,0,0,0
0,0,0,0,0
0,0,0,0,0
0,0,0,0,0
0,0,0,0,0
0,0,0,0,0
0,0,0,0,0
0,0,0,0,0
0,0,0,0,0
0,0,0,0,0
0,0,0,0,0
0.15874,0.15874,0.15874,0.15874,0.15874
0.35403,0.35403,0.35403,0.35403,0.35403
0.39714,0.39714,0.39714,0.39714,0.39714
0.56068,0.56068,0.56068,0.56068,0.56068
0.69065,0.69065,0.69065,0.69065,0.69065
0.58539,0.58539,0.58539,0.58539,0.58539
0.64584,0.64584,0.64584,0.64584,0.64584
0.54711,0.54711,0.54711,0.54711,0.54711
0.41182,0.41182,0.41182,0.41182,0.41182
0.18018,0.18018,0.18018,0.18018,0.18018
0.03362,0.03362,0.03362,0.03362,0.03362
0,0,0,0,0
0,0,0,0,0
0,0,0,0,0
0,0,0,0,0
0,0,0,0,0
0,0,0,0,0
0,0,0,0,0
0,0,0,0,0
0,0,0,0,0
0,0,0,0,0
0,0,0,0,0
0,0,0,0,0
0,0,0,0,0
0.15256,0.15256,0.15256,0.15256,0.15256
0.32804,0.32804,0.32804,0.32804,0.32804
0.35914,0.35914,0.35914,0.35914,0.35914
0.63971,0.63971,0.63971,0.63971,0.63971
0.7032,0.7032,0.7032,0.7032,0.7032
0.27879,0.27879,0.27879,0.27879,0.27879
0.05994,0.05994,0.05994,0.05994,0.05994
0.0344,0.0344,0.0344,0.0344,0.0344
0.36636,0.36636,0.36636,0.36636,0.36636
0.22669,0.22669,0.22669,0.22669,0.22669
0.03531,0.03531,0.03531,0.03531,0.03531
0,0,0,0,0
0,0,0,0,0
0,0,0,0,0
0,0,0,0,0
0,0,0,0,0
0,0,0,0,0
0,0,0,0,0
0,0,0,0,0
0,0,0,0,0
0,0,0,0,0
0,0,0,0,0
0,0,0,0,0
0,0,0,0,0
0.10834,0.10834,0.10834,0.10834,0.10834
0.3066,0.3066,0.3066,0.3066,0.3066
0.52063,0.52063,0.52063,0.52063,0.52063
0.47663,0.47663,0.47663,0.47663,0.47663
0.70108,0.70108,0.70108,0.70108,0.70108
0.68169,0.68169,0.68169,0.68169,0.68169
0.24302,0.24302,0.24302,0.24302,0.24302
0.47587,0.47587,0.47587,0.47587,0.47587
0.41931,0.41931,0.41931,0.41931,0.41931
0.22933,0.22933,0.22933,0.22933,0.22933
0.04119,0.04119,0.04119,0.04119,0.04119
0,0,0,0,0
0,0,0,0,0
0,0,0,0,0
0,0,0,0,0
0,0,0,0,0
0,0,0,0,0
0,0,0,0,0
0,0,0,0,0
0,0,0,0,0
0,0,0,0,0
0,0,0,0,0
0,0,0,0,0
0,0,0,0,0
0.15458,0.15458,0.15458,0.15458,0.15458
0.2782,0.2782,0.2782,0.2782,0.2782
0.47128,0.47128,0.47128,0.47128,0.47128
0.53937,0.53937,0.53937,0.53937,0.53937
0.57999,0.57999,0.57999,0.57999,0.57999
0.6012,0.6012,0.6012,0.6012,0.6012
0.58837,0.58837,0.58837,0.58837,0.58837
0.49754,0.49754,0.49754,0.49754,0.49754
0.28073,0.28073,0.28073,0.28073,0.28073
0.10483,0.10483,0.10483,0.10483,0.10483
0.01313,0.01313,0.01313,0.01313,0.01313
0,0,0,0,0
0,0,0,0,0
0,0,0,0,0
0,0,0,0,0
0,0,0,0,0
0,0,0,0,0
0,0,0,0,0
0,0,0,0,0
0,0,0,0,0
0,0,0,0,0
0,0,0,0,0
0,0,0,0,0
0,0,0,0,0
0.03661,0.03661,0.03661,0.03661,0.03661
0.09764,0.09764,0.09764,0.09764,0.09764
0.22468,0.22468,0.22468,0.22468,0.22468
0.33026,0.33026,0.33026,0.33026,0.33026
0.35213,0.35213,0.35213,0.35213,0.35213
0.17142,0.17142,0.17142,0.17142,0.17142
0.11146,0.11146,0.11146,0.11146,0.11146
0.05553,0.05553,0.05553,0.05553,0.05553
0.03328,0.03328,0.03328,0.03328,0.03328
0.02135,0.02135,0.02135,0.02135,0.02135
0.00066,0.00066,0.00066,0.00066,0.00066
0,0,0,0,0
0,0,0,0,0
0,0,0,0,0
0,0,0,0,0
0,0,0,0,0
0,0,0,0,0
0,0,0,0,0
0,0,0,0,0
0,0,0,0,0
0,0,0,0,0
0,0,0,0,0
0,0,0,0,0
0,0,0,0,0
0.13878,0.13878,0.13878,0.13878,0.13878
0.33763,0.33763,0.33763,0.33763,0.33763
0.44849,0.44849,0.44849,0.44849,0.44849
0.38297,0.38297,0.38297,0.38297,0.38297
0.35535,0.35535,0.35535,0.35535,0.35535
0.33653,0.33653,0.33653,0.33653,0.33653
0.39836,0.39836,0.39836,0.39836,0.39836
0.571,0.571,0.571,0.571,0.571
0.41164,0.41164,0.41164,0.41164,0.41164
0.21423,0.21423,0.21423,0.21423,0.21423
0.03443,0.03443,0.03443,0.03443,0.03443
0,0,0,0,0
0,0,0,0,0
0,0,0,0,0
0,0,0,0,0
0,0,0,0,0
0,0,0,0,0
0,0,0,0,0
0,0,0,0,0
0,0,0,0,0
0,0,0,0,0
0,0,0,0,0
0,0,0,0,0
0,0,0,0,0
0.14603,0.14603,0.14603,0.14603,0.14603
0.33545,0.33545,0.33545,0.33545,0.33545
0.31505,0.31505,0.31505,0.31505,0.31505
0.44747,0.44747,0.44747,0.44747,0.44747
0.35617,0.35617,0.35617,0.35617,0.35617
0.35614,0.35614,0.35614,0.35614,0.35614
0.17565,0.17565,0.17565,0.17565,0.17565
0.19775,0.19775,0.19775,0.19775,0.19775
0.10567,0.10567,0.10567,0.10567,0.10567
0.10044,0.10044,0.10044,0.10044,0.10044
0.03192,0.03192,0.03192,0.03192,0.03192
0,0,0,0,0
0,0,0,0,0
0,0,0,0,0
0,0,0,0,0
0,0,0,0,0
0,0,0,0,0
0,0,0,0,0
0,0,0,0,0
0,0,0,0,0
0,0,0,0,0
0,0,0,0,0
0,0,0,0,0
0,0,0,0,0
0.0926,0.0926,0.0926,0.0926,0.0926
0.29027,0.29027,0.29027,0.29027,0.29027
0.41791,0.41791,0.41791,0.41791,0.41791
0.59531,0.59531,0.59531,0.59531,0.59531
0.66187,0.66187,0.66187,0.66187,0.66187
0.67943,0.67943,0.67943,0.67943,0.67943
0.6442,0.6442,0.6442,0.6442,0.6442
0.51021,0.51021,0.51021,0.51021,0.51021
0.38975,0.38975,0.38975,0.38975,0.38975
0.22469,0.22469,0.22469,0.22469,0.22469
0.04224,0.04224,0.04224,0.04224,0.04224
0,0,0,0,0
0,0,0,0,0
0,0,0,0,0
0,0,0,0,0
0,0,0,0,0
0,0,0,0,0
0,0,0,0,0
0,0,0,0,0
0,0,0,0,0
0,0,0,0,0
0,0,0,0,0
0,0,0,0,0
0,0,0,0,0
0.16176,0.16176,0.16176,0.16176,0.16176
0.37319,0.37319,0.37319,0.37319,0.37319
0.54343,0.54343,0.54343,0.54343,0.54343
0.66602,0.66602,0.66602,0.66602,0.66602
0.7337,0.7337,0.7337,0.7337,0.7337
0.73965,0.73965,0.73965,0.73965,0.73965
0.69317,0.69317,0.69317,0.69317,0.69317
0.5932,0.5932,0.5932,0.5932,0.5932
0.11602,0.11602,0.11602,0.11602,0.11602
0.22714,0.22714,0.22714,0.22714,0.22714
0.05108,0.05108,0.05108,0.05108,0.05108
0,0,0,0,0
0,0,0,0,0
0,0,0,0,0
0,0,0,0,0
0,0,0,0,0
0,0,0,0,0
0,0,0,0,0
0,0,0,0,0
0,0,0,0,0
0,0,0,0,0
0,0,0,0,0
0,0,0,0,0
0,0,0,0,0
0.123,0.123,0.123,0.123,0.123
0.35384,0.35384,0.35384,0.35384,0.35384
0.4447,0.4447,0.4447,0.4447,0.4447
0.58927,0.58927,0.58927,0.58927,0.58927
0.68045,0.68045,0.68045,0.68045,0.68045
0.06465,0.06465,0.06465,0.06465,0.06465
0.05698,0.05698,0.05698,0.05698,0.05698
0.11362,0.11362,0.11362,0.11362,0.11362
0.34439,0.34439,0.34439,0.34439,0.34439
0.22111,0.22111,0.22111,0.22111,0.22111
0.0367,0.0367,0.0367,0.0367,0.0367
0,0,0,0,0
0,0,0,0,0
0,0,0,0,0
0,0,0,0,0
0,0,0,0,0
0,0,0,0,0
0,0,0,0,0
0,0,0,0,0
0,0,0,0,0
0,0,0,0,0
0,0,0,0,0
0,0,0,0,0
0,0,0,0,0
0.1265,0.1265,0.1265,0.1265,0.1265
0.31897,0.31897,0.31897,0.31897,0.31897
0.51572,0.51572,0.51572,0.51572,0.51572
0.61884,0.61884,0.61884,0.61884,0.61884
0.69951,0.69951,0.69951,0.69951,0.69951
0.70895,0.70895,0.70895,0.70895,0.70895
0.64492,0.64492,0.64492,0.64492,0.64492
0.56506,0.56506,0.56506,0.56506,0.56506
0.41474,0.41474,0.41474,0.41474,0.41474
0.19665,0.19665,0.19665,0.19665,0.19665
0.01449,0.01449,0.01449,0.01449,0.01449
0,0,0,0,0
0,0,0,0,0
0,0,0,0,0
0,0,0,0,0
0,0,0,0,0
0,0,0,0,0
0,0,0,0,0
0,0,0,0,0
0,0,0,0,0
0,0,0,0,0
0,0,0,0,0
0,0,0,0,0
0,0,0,0,0
0.033,0.033,0.033,0.033,0.033
0.28591,0.28591,0.28591,0.28591,0.28591
0.3091,0.3091,0.3091,0.3091,0.3091
0.60693,0.60693,0.60693,0.60693,0.60693
0.38803,0.38803,0.38803,0.38803,0.38803
0.5693,0.5693,0.5693,0.5693,0.5693
0.65668,0.65668,0.65668,0.65668,0.65668
0.43094,0.43094,0.43094,0.43094,0.43094
0.42078,0.42078,0.42078,0.42078,0.42078
0.23064,0.23064,0.23064,0.23064,0.23064
0.04428,0.04428,0.04428,0.04428,0.04428
0,0,0,0,0
0,0,0,0,0
0,0,0,0,0
0,0,0,0,0
0,0,0,0,0
0,0,0,0,0
0,0,0,0,0
0,0,0,0,0
0,0,0,0,0
0,0,0,0,0
0,0,0,0,0
0,0,0,0,0
0,0,0,0,0
0.14274,0.14274,0.14274,0.14274,0.14274
0.34729,0.34729,0.34729,0.34729,0.34729
0.51738,0.51738,0.51738,0.51738,0.51738
0.63309,0.63309,0.63309,0.63309,0.63309
0.69894,0.69894,0.69894,0.69894,0.69894
0.71239,0.71239,0.71239,0.71239,0.71239
0.67205,0.67205,0.67205,0.67205,0.67205
0.5786,0.5786,0.5786,0.5786,0.5786
0.436,0.436,0.436,0.436,0.436
0.24767,0.24767,0.24767,0.24767,0.24767
0.05637,0.05637,0.05637,0.05637,0.05637
0,0,0,0,0
0,0,0,0,0
0,0,0,0,0
0,0,0,0,0
0,0,0,0,0
0,0,0,0,0
0,0,0,0,0
0,0,0,0,0
0,0,0,0,0
0,0,0,0,0
0,0,0,0,0
0,0,0,0,0
3.00E-05,3.00E-05,3.00E-05,3.00E-05,3.00E-05
0.16463,0.16463,0.16463,0.16463,0.16463
0.37502,0.37502,0.37502,0.37502,0.37502
0.45401,0.45401,0.45401,0.45401,0.45401
0.66764,0.66764,0.66764,0.66764,0.66764
0.73394,0.73394,0.73394,0.73394,0.73394
0.7469,0.7469,0.7469,0.7469,0.7469
0.70246,0.70246,0.70246,0.70246,0.70246
0.60273,0.60273,0.60273,0.60273,0.60273
0.45424,0.45424,0.45424,0.45424,0.45424
0.25582,0.25582,0.25582,0.25582,0.25582
0.0513,0.0513,0.0513,0.0513,0.0513
0,0,0,0,0
0,0,0,0,0
0,0,0,0,0
0,0,0,0,0
0,0,0,0,0
0,0,0,0,0
0,0,0,0,0
0,0,0,0,0
0,0,0,0,0
0,0,0,0,0
0,0,0,0,0
0,0,0,0,0
0.0013,0.0013,0.0013,0.0013,0.0013
0.06726,0.06726,0.06726,0.06726,0.06726
0.23528,0.23528,0.23528,0.23528,0.23528
0.46736,0.46736,0.46736,0.46736,0.46736
0.39587,0.39587,0.39587,0.39587,0.39587
0.679,0.679,0.679,0.679,0.679
0.68698,0.68698,0.68698,0.68698,0.68698
0.64795,0.64795,0.64795,0.64795,0.64795
0.55826,0.55826,0.55826,0.55826,0.55826
0.41899,0.41899,0.41899,0.41899,0.41899
0.23332,0.23332,0.23332,0.23332,0.23332
0.01306,0.01306,0.01306,0.01306,0.01306
0,0,0,0,0
0,0,0,0,0
0,0,0,0,0
0,0,0,0,0
0,0,0,0,0
0,0,0,0,0
0,0,0,0,0
0,0,0,0,0
0,0,0,0,0
0,0,0,0,0
0,0,0,0,0
0,0,0,0,0
0.00295,0.00295,0.00295,0.00295,0.00295
0.17207,0.17207,0.17207,0.17207,0.17207
0.38616,0.38616,0.38616,0.38616,0.38616
0.55703,0.55703,0.55703,0.55703,0.55703
0.65847,0.65847,0.65847,0.65847,0.65847
0.74699,0.74699,0.74699,0.74699,0.74699
0.75607,0.75607,0.75607,0.75607,0.75607
0.71241,0.71241,0.71241,0.71241,0.71241
0.53753,0.53753,0.53753,0.53753,0.53753
0.46148,0.46148,0.46148,0.46148,0.46148
0.26234,0.26234,0.26234,0.26234,0.26234
0.06005,0.06005,0.06005,0.06005,0.06005
0,0,0,0,0
0,0,0,0,0
0,0,0,0,0
0,0,0,0,0
0,0,0,0,0
0,0,0,0,0
0,0,0,0,0
0,0,0,0,0
0,0,0,0,0
0,0,0,0,0
0,0,0,0,0
0,0,0,0,0
0.00514,0.00514,0.00514,0.00514,0.00514
0.16795,0.16795,0.16795,0.16795,0.16795
0.28737,0.28737,0.28737,0.28737,0.28737
0.28225,0.28225,0.28225,0.28225,0.28225
0.23435,0.23435,0.23435,0.23435,0.23435
0.51728,0.51728,0.51728,0.51728,0.51728
0.73333,0.73333,0.73333,0.73333,0.73333
0.61813,0.61813,0.61813,0.61813,0.61813
0.61172,0.61172,0.61172,0.61172,0.61172
0.45949,0.45949,0.45949,0.45949,0.45949
0.25795,0.25795,0.25795,0.25795,0.25795
0.05563,0.05563,0.05563,0.05563,0.05563
0,0,0,0,0
0,0,0,0,0
0,0,0,0,0
0,0,0,0,0
0,0,0,0,0
0,0,0,0,0
0,0,0,0,0
0,0,0,0,0
0,0,0,0,0
0,0,0,0,0
0,0,0,0,0
0,0,0,0,0
0.00263,0.00263,0.00263,0.00263,0.00263
0.13315,0.13315,0.13315,0.13315,0.13315
0.32525,0.32525,0.32525,0.32525,0.32525
0.55998,0.55998,0.55998,0.55998,0.55998
0.64467,0.64467,0.64467,0.64467,0.64467
0.54197,0.54197,0.54197,0.54197,0.54197
0.62288,0.62288,0.62288,0.62288,0.62288
0.71695,0.71695,0.71695,0.71695,0.71695
0.61594,0.61594,0.61594,0.61594,0.61594
0.46447,0.46447,0.46447,0.46447,0.46447
0.26378,0.26378,0.26378,0.26378,0.26378
0.05547,0.05547,0.05547,0.05547,0.05547
0,0,0,0,0
0,0,0,0,0
0,0,0,0,0
0,0,0,0,0
0,0,0,0,0
0,0,0,0,0
0,0,0,0,0
0,0,0,0,0
0,0,0,0,0
0,0,0,0,0
0,0,0,0,0
0,0,0,0,0
0.0059,0.0059,0.0059,0.0059,0.0059
0.17977,0.17977,0.17977,0.17977,0.17977
0.39224,0.39224,0.39224,0.39224,0.39224
0.56286,0.56286,0.56286,0.56286,0.56286
0.56232,0.56232,0.56232,0.56232,0.56232
0.75319,0.75319,0.75319,0.75319,0.75319
0.7621,0.7621,0.7621,0.7621,0.7621
0.39367,0.39367,0.39367,0.39367,0.39367
0.35533,0.35533,0.35533,0.35533,0.35533
0.27654,0.27654,0.27654,0.27654,0.27654
0.26553,0.26553,0.26553,0.26553,0.26553
0.06135,0.06135,0.06135,0.06135,0.06135
0,0,0,0,0
0,0,0,0,0
0,0,0,0,0
0,0,0,0,0
0,0,0,0,0
0,0,0,0,0
0,0,0,0,0
0,0,0,0,0
0,0,0,0,0
0,0,0,0,0
0,0,0,0,0
0,0,0,0,0
0.00089,0.00089,0.00089,0.00089,0.00089
0.1467,0.1467,0.1467,0.1467,0.1467
0.24651,0.24651,0.24651,0.24651,0.24651
0.26388,0.26388,0.26388,0.26388,0.26388
0.31009,0.31009,0.31009,0.31009,0.31009
0.50745,0.50745,0.50745,0.50745,0.50745
0.59022,0.59022,0.59022,0.59022,0.59022
0.68143,0.68143,0.68143,0.68143,0.68143
0.46242,0.46242,0.46242,0.46242,0.46242
0.31882,0.31882,0.31882,0.31882,0.31882
0.1348,0.1348,0.1348,0.1348,0.1348
0.0155,0.0155,0.0155,0.0155,0.0155
0,0,0,0,0
0,0,0,0,0
0,0,0,0,0
0,0,0,0,0
0,0,0,0,0
0,0,0,0,0
0,0,0,0,0
0,0,0,0,0
0,0,0,0,0
0,0,0,0,0
0,0,0,0,0
0,0,0,0,0
0,0,0,0,0
0.1055,0.1055,0.1055,0.1055,0.1055
0.3965,0.3965,0.3965,0.3965,0.3965
0.18502,0.18502,0.18502,0.18502,0.18502
0.32575,0.32575,0.32575,0.32575,0.32575
0.35037,0.35037,0.35037,0.35037,0.35037
0.44065,0.44065,0.44065,0.44065,0.44065
0.35856,0.35856,0.35856,0.35856,0.35856
0.30615,0.30615,0.30615,0.30615,0.30615
0.14665,0.14665,0.14665,0.14665,0.14665
0.17621,0.17621,0.17621,0.17621,0.17621
0.0566,0.0566,0.0566,0.0566,0.0566
0,0,0,0,0
0,0,0,0,0
0,0,0,0,0
0,0,0,0,0
0,0,0,0,0
0,0,0,0,0
0,0,0,0,0
0,0,0,0,0
0,0,0,0,0
0,0,0,0,0
0,0,0,0,0
0,0,0,0,0
0.00409,0.00409,0.00409,0.00409,0.00409
0.15661,0.15661,0.15661,0.15661,0.15661
0.38505,0.38505,0.38505,0.38505,0.38505
0.55466,0.55466,0.55466,0.55466,0.55466
0.67582,0.67582,0.67582,0.67582,0.67582
0.74234,0.74234,0.74234,0.74234,0.74234
0.75307,0.75307,0.75307,0.75307,0.75307
0.6332,0.6332,0.6332,0.6332,0.6332
0.15098,0.15098,0.15098,0.15098,0.15098
0.13405,0.13405,0.13405,0.13405,0.13405
0.1868,0.1868,0.1868,0.1868,0.1868
0.00777,0.00777,0.00777,0.00777,0.00777
0,0,0,0,0
0,0,0,0,0
0,0,0,0,0
0,0,0,0,0
0,0,0,0,0
0,0,0,0,0
0,0,0,0,0
0,0,0,0,0
0,0,0,0,0
0,0,0,0,0
0,0,0,0,0
0,0,0,0,0
0,0,0,0,0
0.00059,0.00059,0.00059,0.00059,0.00059
0.12772,0.12772,0.12772,0.12772,0.12772
0.40757,0.40757,0.40757,0.40757,0.40757
0.27059,0.27059,0.27059,0.27059,0.27059
0.5974,0.5974,0.5974,0.5974,0.5974
0.23078,0.23078,0.23078,0.23078,0.23078
0.41955,0.41955,0.41955,0.41955,0.41955
0.50912,0.50912,0.50912,0.50912,0.50912
0.31954,0.31954,0.31954,0.31954,0.31954
0.16365,0.16365,0.16365,0.16365,0.16365
0.02137,0.02137,0.02137,0.02137,0.02137
0,0,0,0,0
0,0,0,0,0
0,0,0,0,0
0,0,0,0,0
0,0,0,0,0
0,0,0,0,0
0,0,0,0,0
0,0,0,0,0
0,0,0,0,0
0,0,0,0,0
0,0,0,0,0
0,0,0,0,0
0,0,0,0,0
0.09717,0.09717,0.09717,0.09717,0.09717
0.35372,0.35372,0.35372,0.35372,0.35372
0.54779,0.54779,0.54779,0.54779,0.54779
0.66634,0.66634,0.66634,0.66634,0.66634
0.73169,0.73169,0.73169,0.73169,0.73169
0.74657,0.74657,0.74657,0.74657,0.74657
0.70278,0.70278,0.70278,0.70278,0.70278
0.60518,0.60518,0.60518,0.60518,0.60518
0.22081,0.22081,0.22081,0.22081,0.22081
0.20292,0.20292,0.20292,0.20292,0.20292
0.05734,0.05734,0.05734,0.05734,0.05734
0,0,0,0,0
0,0,0,0,0
0,0,0,0,0
0,0,0,0,0
0,0,0,0,0
0,0,0,0,0
0,0,0,0,0
0,0,0,0,0
0,0,0,0,0
0,0,0,0,0
0,0,0,0,0
0,0,0,0,0
0.01011,0.01011,0.01011,0.01011,0.01011
0.19272,0.19272,0.19272,0.19272,0.19272
0.40605,0.40605,0.40605,0.40605,0.40605
0.57696,0.57696,0.57696,0.57696,0.57696
0.69552,0.69552,0.69552,0.69552,0.69552
0.56169,0.56169,0.56169,0.56169,0.56169
0.66713,0.66713,0.66713,0.66713,0.66713
0.6992,0.6992,0.6992,0.6992,0.6992
0.3624,0.3624,0.3624,0.3624,0.3624
0.34081,0.34081,0.34081,0.34081,0.34081
0.25258,0.25258,0.25258,0.25258,0.25258
0.06458,0.06458,0.06458,0.06458,0.06458
0,0,0,0,0
0,0,0,0,0
0,0,0,0,0
0,0,0,0,0
0,0,0,0,0
0,0,0,0,0
0,0,0,0,0
0,0,0,0,0
0,0,0,0,0
0,0,0,0,0
0,0,0,0,0
0,0,0,0,0
0.01163,0.01163,0.01163,0.01163,0.01163
0.08963,0.08963,0.08963,0.08963,0.08963
0.24207,0.24207,0.24207,0.24207,0.24207
0.14349,0.14349,0.14349,0.14349,0.14349
0.3789,0.3789,0.3789,0.3789,0.3789
0.41757,0.41757,0.41757,0.41757,0.41757
0.71573,0.71573,0.71573,0.71573,0.71573
0.55959,0.55959,0.55959,0.55959,0.55959
0.38183,0.38183,0.38183,0.38183,0.38183
0.35354,0.35354,0.35354,0.35354,0.35354
0.09724,0.09724,0.09724,0.09724,0.09724
0.01276,0.01276,0.01276,0.01276,0.01276
0,0,0,0,0
0,0,0,0,0
0,0,0,0,0
0,0,0,0,0
0,0,0,0,0
0,0,0,0,0
0,0,0,0,0
0,0,0,0,0
0,0,0,0,0
0,0,0,0,0
0,0,0,0,0
0,0,0,0,0
0,0,0,0,0
0.05253,0.05253,0.05253,0.05253,0.05253
0.17172,0.17172,0.17172,0.17172,0.17172
0.33397,0.33397,0.33397,0.33397,0.33397
0.48712,0.48712,0.48712,0.48712,0.48712
0.47831,0.47831,0.47831,0.47831,0.47831
0.49464,0.49464,0.49464,0.49464,0.49464
0.37612,0.37612,0.37612,0.37612,0.37612
0.21243,0.21243,0.21243,0.21243,0.21243
0.14706,0.14706,0.14706,0.14706,0.14706
0.08103,0.08103,0.08103,0.08103,0.08103
0.0209,0.0209,0.0209,0.0209,0.0209
0,0,0,0,0
0,0,0,0,0
0,0,0,0,0
0,0,0,0,0
0,0,0,0,0
0,0,0,0,0
0,0,0,0,0
0,0,0,0,0
0,0,0,0,0
0,0,0,0,0
0,0,0,0,0
0,0,0,0,0
0,0,0,0,0
0.03289,0.03289,0.03289,0.03289,0.03289
0.15772,0.15772,0.15772,0.15772,0.15772
0.42383,0.42383,0.42383,0.42383,0.42383
0.42176,0.42176,0.42176,0.42176,0.42176
0.32643,0.32643,0.32643,0.32643,0.32643
0.27593,0.27593,0.27593,0.27593,0.27593
0.39609,0.39609,0.39609,0.39609,0.39609
0.29049,0.29049,0.29049,0.29049,0.29049
0.04493,0.04493,0.04493,0.04493,0.04493
0.01111,0.01111,0.01111,0.01111,0.01111
0.05155,0.05155,0.05155,0.05155,0.05155
0,0,0,0,0
0,0,0,0,0
0,0,0,0,0
0,0,0,0,0
0,0,0,0,0
0,0,0,0,0
0,0,0,0,0
0,0,0,0,0
0,0,0,0,0
0,0,0,0,0
0,0,0,0,0
0,0,0,0,0
0,0,0,0,0
0.16981,0.16981,0.16981,0.16981,0.16981
0.18687,0.18687,0.18687,0.18687,0.18687
0.33379,0.33379,0.33379,0.33379,0.33379
0.55125,0.55125,0.55125,0.55125,0.55125
0.20662,0.20662,0.20662,0.20662,0.20662
0.2827,0.2827,0.2827,0.2827,0.2827
0.17126,0.17126,0.17126,0.17126,0.17126
0.16098,0.16098,0.16098,0.16098,0.16098
0.37536,0.37536,0.37536,0.37536,0.37536
0.07874,0.07874,0.07874,0.07874,0.07874
0.05311,0.05311,0.05311,0.05311,0.05311
0,0,0,0,0
0,0,0,0,0
0,0,0,0,0
0,0,0,0,0
0,0,0,0,0
0,0,0,0,0
0,0,0,0,0
0,0,0,0,0
0,0,0,0,0
0,0,0,0,0
0,0,0,0,0
0,0,0,0,0
0.0009,0.0009,0.0009,0.0009,0.0009
0.10123,0.10123,0.10123,0.10123,0.10123
0.23181,0.23181,0.23181,0.23181,0.23181
0.41146,0.41146,0.41146,0.41146,0.41146
0.50589,0.50589,0.50589,0.50589,0.50589
0.49375,0.49375,0.49375,0.49375,0.49375
0.34911,0.34911,0.34911,0.34911,0.34911
0.109,0.109,0.109,0.109,0.109
0.36712,0.36712,0.36712,0.36712,0.36712
0.32979,0.32979,0.32979,0.32979,0.32979
0.15629,0.15629,0.15629,0.15629,0.15629
0.03604,0.03604,0.03604,0.03604,0.03604
0,0,0,0,0
0,0,0,0,0
0,0,0,0,0
0,0,0,0,0
0,0,0,0,0
0,0,0,0,0
0,0,0,0,0
0,0,0,0,0
0,0,0,0,0
0,0,0,0,0
0,0,0,0,0
0,0,0,0,0
0.00885,0.00885,0.00885,0.00885,0.00885
0.0953,0.0953,0.0953,0.0953,0.0953
0.39299,0.39299,0.39299,0.39299,0.39299
0.46585,0.46585,0.46585,0.46585,0.46585
0.26817,0.26817,0.26817,0.26817,0.26817
0.25551,0.25551,0.25551,0.25551,0.25551
0.39187,0.39187,0.39187,0.39187,0.39187
0.25848,0.25848,0.25848,0.25848,0.25848
0.34198,0.34198,0.34198,0.34198,0.34198
0.07694,0.07694,0.07694,0.07694,0.07694
0.12885,0.12885,0.12885,0.12885,0.12885
0.0551,0.0551,0.0551,0.0551,0.0551
0,0,0,0,0
0,0,0,0,0
0,0,0,0,0
0,0,0,0,0
0,0,0,0,0
0,0,0,0,0
0,0,0,0,0
0,0,0,0,0
0,0,0,0,0
0,0,0,0,0
0,0,0,0,0
0,0,0,0,0
0.0156,0.0156,0.0156,0.0156,0.0156
0.19029,0.19029,0.19029,0.19029,0.19029
0.39729,0.39729,0.39729,0.39729,0.39729
0.49416,0.49416,0.49416,0.49416,0.49416
0.56711,0.56711,0.56711,0.56711,0.56711
0.54504,0.54504,0.54504,0.54504,0.54504
0.73757,0.73757,0.73757,0.73757,0.73757
0.69046,0.69046,0.69046,0.69046,0.69046
0.59382,0.59382,0.59382,0.59382,0.59382
0.44792,0.44792,0.44792,0.44792,0.44792
0.25224,0.25224,0.25224,0.25224,0.25224
0.05751,0.05751,0.05751,0.05751,0.05751
0,0,0,0,0
0,0,0,0,0
0,0,0,0,0
0,0,0,0,0
0,0,0,0,0
0,0,0,0,0
0,0,0,0,0
0,0,0,0,0
0,0,0,0,0
0,0,0,0,0
0,0,0,0,0
0,0,0,0,0
0.01745,0.01745,0.01745,0.01745,0.01745
0.19231,0.19231,0.19231,0.19231,0.19231
0.39809,0.39809,0.39809,0.39809,0.39809
0.5604,0.5604,0.5604,0.5604,0.5604
0.67431,0.67431,0.67431,0.67431,0.67431
0.73508,0.73508,0.73508,0.73508,0.73508
0.73735,0.73735,0.73735,0.73735,0.73735
0.68826,0.68826,0.68826,0.68826,0.68826
0.58835,0.58835,0.58835,0.58835,0.58835
0.16129,0.16129,0.16129,0.16129,0.16129
0.20037,0.20037,0.20037,0.20037,0.20037
0.05714,0.05714,0.05714,0.05714,0.05714
0,0,0,0,0
0,0,0,0,0
0,0,0,0,0
0,0,0,0,0
0,0,0,0,0
0,0,0,0,0
0,0,0,0,0
0,0,0,0,0
0,0,0,0,0
0,0,0,0,0
0,0,0,0,0
0,0,0,0,0
0.01235,0.01235,0.01235,0.01235,0.01235
0.18558,0.18558,0.18558,0.18558,0.18558
0.38436,0.38436,0.38436,0.38436,0.38436
0.54113,0.54113,0.54113,0.54113,0.54113
0.65155,0.65155,0.65155,0.65155,0.65155
0.68935,0.68935,0.68935,0.68935,0.68935
0.71914,0.71914,0.71914,0.71914,0.71914
0.67694,0.67694,0.67694,0.67694,0.67694
0.57404,0.57404,0.57404,0.57404,0.57404
0.4371,0.4371,0.4371,0.4371,0.4371
0.24556,0.24556,0.24556,0.24556,0.24556
0.05352,0.05352,0.05352,0.05352,0.05352
0,0,0,0,0
0,0,0,0,0
0,0,0,0,0
0,0,0,0,0
0,0,0,0,0
0,0,0,0,0
0,0,0,0,0
0,0,0,0,0
0,0,0,0,0
0,0,0,0,0
0,0,0,0,0
0,0,0,0,0
0.02058,0.02058,0.02058,0.02058,0.02058
0.19601,0.19601,0.19601,0.19601,0.19601
0.40274,0.40274,0.40274,0.40274,0.40274
0.56614,0.56614,0.56614,0.56614,0.56614
0.68026,0.68026,0.68026,0.68026,0.68026
0.74276,0.74276,0.74276,0.74276,0.74276
0.74685,0.74685,0.74685,0.74685,0.74685
0.69887,0.69887,0.69887,0.69887,0.69887
0.59669,0.59669,0.59669,0.59669,0.59669
0.44628,0.44628,0.44628,0.44628,0.44628
0.25286,0.25286,0.25286,0.25286,0.25286
0.05879,0.05879,0.05879,0.05879,0.05879
0,0,0,0,0
0,0,0,0,0
0,0,0,0,0
0,0,0,0,0
0,0,0,0,0
0,0,0,0,0
0,0,0,0,0
0,0,0,0,0
0,0,0,0,0
0,0,0,0,0
0,0,0,0,0
0,0,0,0,0
0.01865,0.01865,0.01865,0.01865,0.01865
0.19395,0.19395,0.19395,0.19395,0.19395
0.39512,0.39512,0.39512,0.39512,0.39512
0.42771,0.42771,0.42771,0.42771,0.42771
0.64561,0.64561,0.64561,0.64561,0.64561
0.55918,0.55918,0.55918,0.55918,0.55918
0.73861,0.73861,0.73861,0.73861,0.73861
0.69187,0.69187,0.69187,0.69187,0.69187
0.45017,0.45017,0.45017,0.45017,0.45017
0.44545,0.44545,0.44545,0.44545,0.44545
0.25115,0.25115,0.25115,0.25115,0.25115
0.05652,0.05652,0.05652,0.05652,0.05652
0,0,0,0,0
0,0,0,0,0
0,0,0,0,0
0,0,0,0,0
0,0,0,0,0
0,0,0,0,0
0,0,0,0,0
0,0,0,0,0
0,0,0,0,0
0,0,0,0,0
0,0,0,0,0
0,0,0,0,0
0.01671,0.01671,0.01671,0.01671,0.01671
0.19127,0.19127,0.19127,0.19127,0.19127
0.40003,0.40003,0.40003,0.40003,0.40003
0.49355,0.49355,0.49355,0.49355,0.49355
0.64666,0.64666,0.64666,0.64666,0.64666
0.28074,0.28074,0.28074,0.28074,0.28074
0.30095,0.30095,0.30095,0.30095,0.30095
0.22017,0.22017,0.22017,0.22017,0.22017
0.12934,0.12934,0.12934,0.12934,0.12934
0.1299,0.1299,0.1299,0.1299,0.1299
0.24352,0.24352,0.24352,0.24352,0.24352
0.04853,0.04853,0.04853,0.04853,0.04853
0,0,0,0,0
0,0,0,0,0
0,0,0,0,0
0,0,0,0,0
0,0,0,0,0
0,0,0,0,0
0,0,0,0,0
0,0,0,0,0
0,0,0,0,0
0,0,0,0,0
0,0,0,0,0
0,0,0,0,0
0.00529,0.00529,0.00529,0.00529,0.00529
0.02328,0.02328,0.02328,0.02328,0.02328
0.07928,0.07928,0.07928,0.07928,0.07928
0.32125,0.32125,0.32125,0.32125,0.32125
0.47591,0.47591,0.47591,0.47591,0.47591
0.18429,0.18429,0.18429,0.18429,0.18429
0.19971,0.19971,0.19971,0.19971,0.19971
0.17818,0.17818,0.17818,0.17818,0.17818
0.11169,0.11169,0.11169,0.11169,0.11169
0.08853,0.08853,0.08853,0.08853,0.08853
0.25047,0.25047,0.25047,0.25047,0.25047
0.03109,0.03109,0.03109,0.03109,0.03109
0,0,0,0,0
0,0,0,0,0
0,0,0,0,0
0,0,0,0,0
0,0,0,0,0
0,0,0,0,0
0,0,0,0,0
0,0,0,0,0
0,0,0,0,0
0,0,0,0,0
0,0,0,0,0
0,0,0,0,0
0.01567,0.01567,0.01567,0.01567,0.01567
0.20135,0.20135,0.20135,0.20135,0.20135
0.40508,0.40508,0.40508,0.40508,0.40508
0.57129,0.57129,0.57129,0.57129,0.57129
0.68397,0.68397,0.68397,0.68397,0.68397
0.75618,0.75618,0.75618,0.75618,0.75618
0.75692,0.75692,0.75692,0.75692,0.75692
0.70797,0.70797,0.70797,0.70797,0.70797
0.55804,0.55804,0.55804,0.55804,0.55804
0.4361,0.4361,0.4361,0.4361,0.4361
0.24763,0.24763,0.24763,0.24763,0.24763
0.05255,0.05255,0.05255,0.05255,0.05255
0,0,0,0,0
0,0,0,0,0
0,0,0,0,0
0,0,0,0,0
0,0,0,0,0
0,0,0,0,0
0,0,0,0,0
0,0,0,0,0
0,0,0,0,0
0,0,0,0,0
0,0,0,0,0
0,0,0,0,0
0,0,0,0,0
0.03289,0.03289,0.03289,0.03289,0.03289
0.36979,0.36979,0.36979,0.36979,0.36979
0.57567,0.57567,0.57567,0.57567,0.57567
0.45115,0.45115,0.45115,0.45115,0.45115
0.59119,0.59119,0.59119,0.59119,0.59119
0.35124,0.35124,0.35124,0.35124,0.35124
0.30622,0.30622,0.30622,0.30622,0.30622
0.20708,0.20708,0.20708,0.20708,0.20708
0.15799,0.15799,0.15799,0.15799,0.15799
0.25243,0.25243,0.25243,0.25243,0.25243
0.05432,0.05432,0.05432,0.05432,0.05432
0,0,0,0,0
0,0,0,0,0
0,0,0,0,0
0,0,0,0,0
0,0,0,0,0
0,0,0,0,0
0,0,0,0,0
0,0,0,0,0
0,0,0,0,0
0,0,0,0,0
0,0,0,0,0
0,0,0,0,0
0.01979,0.01979,0.01979,0.01979,0.01979
0.1986,0.1986,0.1986,0.1986,0.1986
0.40736,0.40736,0.40736,0.40736,0.40736
0.57755,0.57755,0.57755,0.57755,0.57755
0.69102,0.69102,0.69102,0.69102,0.69102
0.75348,0.75348,0.75348,0.75348,0.75348
0.66623,0.66623,0.66623,0.66623,0.66623
0.47724,0.47724,0.47724,0.47724,0.47724
0.43782,0.43782,0.43782,0.43782,0.43782
0.33308,0.33308,0.33308,0.33308,0.33308
0.25053,0.25053,0.25053,0.25053,0.25053
0.05334,0.05334,0.05334,0.05334,0.05334
0,0,0,0,0
0,0,0,0,0
0,0,0,0,0
0,0,0,0,0
0,0,0,0,0
0,0,0,0,0
0,0,0,0,0
0,0,0,0,0
0,0,0,0,0
0,0,0,0,0
0,0,0,0,0
0,0,0,0,0
0.02139,0.02139,0.02139,0.02139,0.02139
0.2015,0.2015,0.2015,0.2015,0.2015
0.41057,0.41057,0.41057,0.41057,0.41057
0.55504,0.55504,0.55504,0.55504,0.55504
0.51438,0.51438,0.51438,0.51438,0.51438
0.635,0.635,0.635,0.635,0.635
0.72751,0.72751,0.72751,0.72751,0.72751
0.70536,0.70536,0.70536,0.70536,0.70536
0.59951,0.59951,0.59951,0.59951,0.59951
0.44528,0.44528,0.44528,0.44528,0.44528
0.24744,0.24744,0.24744,0.24744,0.24744
0.05283,0.05283,0.05283,0.05283,0.05283
0,0,0,0,0
0,0,0,0,0
0,0,0,0,0
0,0,0,0,0
0,0,0,0,0
0,0,0,0,0
0,0,0,0,0
0,0,0,0,0
0,0,0,0,0
0,0,0,0,0
0,0,0,0,0
0,0,0,0,0
0,0,0,0,0
0.03906,0.03906,0.03906,0.03906,0.03906
0.38107,0.38107,0.38107,0.38107,0.38107
0.41318,0.41318,0.41318,0.41318,0.41318
0.3811,0.3811,0.3811,0.3811,0.3811
0.26519,0.26519,0.26519,0.26519,0.26519
0.40656,0.40656,0.40656,0.40656,0.40656
0.30886,0.30886,0.30886,0.30886,0.30886
0.07712,0.07712,0.07712,0.07712,0.07712
0.21648,0.21648,0.21648,0.21648,0.21648
0.11956,0.11956,0.11956,0.11956,0.11956
0.01843,0.01843,0.01843,0.01843,0.01843
0,0,0,0,0
0,0,0,0,0
0,0,0,0,0
0,0,0,0,0
0,0,0,0,0
0,0,0,0,0
0,0,0,0,0
0,0,0,0,0
0,0,0,0,0
0,0,0,0,0
0,0,0,0,0
0,0,0,0,0
0.02465,0.02465,0.02465,0.02465,0.02465
0.20794,0.20794,0.20794,0.20794,0.20794
0.41629,0.41629,0.41629,0.41629,0.41629
0.55529,0.55529,0.55529,0.55529,0.55529
0.33661,0.33661,0.33661,0.33661,0.33661
0.27335,0.27335,0.27335,0.27335,0.27335
0.75076,0.75076,0.75076,0.75076,0.75076
0.69711,0.69711,0.69711,0.69711,0.69711
0.59739,0.59739,0.59739,0.59739,0.59739
0.44486,0.44486,0.44486,0.44486,0.44486
0.20721,0.20721,0.20721,0.20721,0.20721
0.05313,0.05313,0.05313,0.05313,0.05313
0,0,0,0,0
0,0,0,0,0
0,0,0,0,0
0,0,0,0,0
0,0,0,0,0
0,0,0,0,0
0,0,0,0,0
0,0,0,0,0
0,0,0,0,0
0,0,0,0,0
0,0,0,0,0
0,0,0,0,0
0.02891,0.02891,0.02891,0.02891,0.02891
0.20856,0.20856,0.20856,0.20856,0.20856
0.41498,0.41498,0.41498,0.41498,0.41498
0.5776,0.5776,0.5776,0.5776,0.5776
0.69161,0.69161,0.69161,0.69161,0.69161
0.31205,0.31205,0.31205,0.31205,0.31205
0.22667,0.22667,0.22667,0.22667,0.22667
0.1015,0.1015,0.1015,0.1015,0.1015
0.15524,0.15524,0.15524,0.15524,0.15524
0.16686,0.16686,0.16686,0.16686,0.16686
0.24411,0.24411,0.24411,0.24411,0.24411
0.00457,0.00457,0.00457,0.00457,0.00457
0,0,0,0,0
0,0,0,0,0
0,0,0,0,0
0,0,0,0,0
0,0,0,0,0
0,0,0,0,0
0,0,0,0,0
0,0,0,0,0
0,0,0,0,0
0,0,0,0,0
0,0,0,0,0
0,0,0,0,0
0,0,0,0,0
0.00216,0.00216,0.00216,0.00216,0.00216
0.02955,0.02955,0.02955,0.02955,0.02955
0.29165,0.29165,0.29165,0.29165,0.29165
0.31256,0.31256,0.31256,0.31256,0.31256
0.25249,0.25249,0.25249,0.25249,0.25249
0.23471,0.23471,0.23471,0.23471,0.23471
0.44211,0.44211,0.44211,0.44211,0.44211
0.15788,0.15788,0.15788,0.15788,0.15788
0.19716,0.19716,0.19716,0.19716,0.19716
0.00457,0.00457,0.00457,0.00457,0.00457
0,0,0,0,0
0,0,0,0,0
0,0,0,0,0
0,0,0,0,0
0,0,0,0,0
0,0,0,0,0
0,0,0,0,0
0,0,0,0,0
0,0,0,0,0
0,0,0,0,0
0,0,0,0,0
0,0,0,0,0
0,0,0,0,0
0.00381,0.00381,0.00381,0.00381,0.00381
0.00783,0.00783,0.00783,0.00783,0.00783
0.03038,0.03038,0.03038,0.03038,0.03038
0.11125,0.11125,0.11125,0.11125,0.11125
0.39649,0.39649,0.39649,0.39649,0.39649
0.36462,0.36462,0.36462,0.36462,0.36462
0.28666,0.28666,0.28666,0.28666,0.28666
0.07247,0.07247,0.07247,0.07247,0.07247
0.13247,0.13247,0.13247,0.13247,0.13247
0.15476,0.15476,0.15476,0.15476,0.15476
0.03752,0.03752,0.03752,0.03752,0.03752
0.00381,0.00381,0.00381,0.00381,0.00381
0,0,0,0,0
0,0,0,0,0
0,0,0,0,0
0,0,0,0,0
0,0,0,0,0
0,0,0,0,0
0,0,0,0,0
0,0,0,0,0
0,0,0,0,0
0,0,0,0,0
0,0,0,0,0
0,0,0,0,0
0.00627,0.00627,0.00627,0.00627,0.00627
0.08918,0.08918,0.08918,0.08918,0.08918
0.41314,0.41314,0.41314,0.41314,0.41314
0.58261,0.58261,0.58261,0.58261,0.58261
0.70109,0.70109,0.70109,0.70109,0.70109
0.75998,0.75998,0.75998,0.75998,0.75998
0.76345,0.76345,0.76345,0.76345,0.76345
0.71095,0.71095,0.71095,0.71095,0.71095
0.23817,0.23817,0.23817,0.23817,0.23817
0.20575,0.20575,0.20575,0.20575,0.20575
0.24755,0.24755,0.24755,0.24755,0.24755
0.01434,0.01434,0.01434,0.01434,0.01434
0,0,0,0,0
0,0,0,0,0
0,0,0,0,0
0,0,0,0,0
0,0,0,0,0
0,0,0,0,0
0,0,0,0,0
0,0,0,0,0
0,0,0,0,0
0,0,0,0,0
0,0,0,0,0
0,0,0,0,0
0.00463,0.00463,0.00463,0.00463,0.00463
0.06984,0.06984,0.06984,0.06984,0.06984
0.41919,0.41919,0.41919,0.41919,0.41919
0.59151,0.59151,0.59151,0.59151,0.59151
0.70853,0.70853,0.70853,0.70853,0.70853
0.7706,0.7706,0.7706,0.7706,0.7706
0.77216,0.77216,0.77216,0.77216,0.77216
0.33186,0.33186,0.33186,0.33186,0.33186
0.23322,0.23322,0.23322,0.23322,0.23322
0.44737,0.44737,0.44737,0.44737,0.44737
0.24424,0.24424,0.24424,0.24424,0.24424
0,0,0,0,0
0,0,0,0,0
0,0,0,0,0
0,0,0,0,0
0,0,0,0,0
0,0,0,0,0
0,0,0,0,0
0,0,0,0,0
0,0,0,0,0
0,0,0,0,0
0,0,0,0,0
0,0,0,0,0
0,0,0,0,0
0,0,0,0,0
0.00217,0.00217,0.00217,0.00217,0.00217
0.17605,0.17605,0.17605,0.17605,0.17605
0.17576,0.17576,0.17576,0.17576,0.17576
0.17252,0.17252,0.17252,0.17252,0.17252
0.49105,0.49105,0.49105,0.49105,0.49105
0.34777,0.34777,0.34777,0.34777,0.34777
0.3298,0.3298,0.3298,0.3298,0.3298
0.15875,0.15875,0.15875,0.15875,0.15875
0.1167,0.1167,0.1167,0.1167,0.1167
0.13241,0.13241,0.13241,0.13241,0.13241
0.00457,0.00457,0.00457,0.00457,0.00457
0,0,0,0,0
0,0,0,0,0
0,0,0,0,0
0,0,0,0,0
0,0,0,0,0
0,0,0,0,0
0,0,0,0,0
0,0,0,0,0
0,0,0,0,0
0,0,0,0,0
0,0,0,0,0
0,0,0,0,0
0.01106,0.01106,0.01106,0.01106,0.01106
0.09058,0.09058,0.09058,0.09058,0.09058
0.22056,0.22056,0.22056,0.22056,0.22056
0.01818,0.01818,0.01818,0.01818,0.01818
0.3729,0.3729,0.3729,0.3729,0.3729
0.06455,0.06455,0.06455,0.06455,0.06455
0.20174,0.20174,0.20174,0.20174,0.20174
0.05836,0.05836,0.05836,0.05836,0.05836
0.03018,0.03018,0.03018,0.03018,0.03018
0.1235,0.1235,0.1235,0.1235,0.1235
0.02456,0.02456,0.02456,0.02456,0.02456
0.0094,0.0094,0.0094,0.0094,0.0094
0,0,0,0,0
0,0,0,0,0
0,0,0,0,0
0,0,0,0,0
0,0,0,0,0
0,0,0,0,0
0,0,0,0,0
0,0,0,0,0
0,0,0,0,0
0,0,0,0,0
0,0,0,0,0
0,0,0,0,0
0.03663,0.03663,0.03663,0.03663,0.03663
0.22304,0.22304,0.22304,0.22304,0.22304
0.42782,0.42782,0.42782,0.42782,0.42782
0.58891,0.58891,0.58891,0.58891,0.58891
0.58708,0.58708,0.58708,0.58708,0.58708
0.28751,0.28751,0.28751,0.28751,0.28751
0.05113,0.05113,0.05113,0.05113,0.05113
0.70874,0.70874,0.70874,0.70874,0.70874
0.14542,0.14542,0.14542,0.14542,0.14542
0.44218,0.44218,0.44218,0.44218,0.44218
0.24112,0.24112,0.24112,0.24112,0.24112
0.0487,0.0487,0.0487,0.0487,0.0487
0,0,0,0,0
0,0,0,0,0
0,0,0,0,0
0,0,0,0,0
0,0,0,0,0
0,0,0,0,0
0,0,0,0,0
0,0,0,0,0
0,0,0,0,0
0,0,0,0,0
0,0,0,0,0
0,0,0,0,0
0.04039,0.04039,0.04039,0.04039,0.04039
0.23611,0.23611,0.23611,0.23611,0.23611
0.44846,0.44846,0.44846,0.44846,0.44846
0.60637,0.60637,0.60637,0.60637,0.60637
0.71205,0.71205,0.71205,0.71205,0.71205
0.7645,0.7645,0.7645,0.7645,0.7645
0.76387,0.76387,0.76387,0.76387,0.76387
0.71282,0.71282,0.71282,0.71282,0.71282
0.61103,0.61103,0.61103,0.61103,0.61103
0.45234,0.45234,0.45234,0.45234,0.45234
0.25267,0.25267,0.25267,0.25267,0.25267
0.05377,0.05377,0.05377,0.05377,0.05377
0,0,0,0,0
0,0,0,0,0
0,0,0,0,0
0,0,0,0,0
0,0,0,0,0
0,0,0,0,0
0,0,0,0,0
0,0,0,0,0
0,0,0,0,0
0,0,0,0,0
0,0,0,0,0
0,0,0,0,0
0.0419,0.0419,0.0419,0.0419,0.0419
0.23703,0.23703,0.23703,0.23703,0.23703
0.44237,0.44237,0.44237,0.44237,0.44237
0.59834,0.59834,0.59834,0.59834,0.59834
0.70299,0.70299,0.70299,0.70299,0.70299
0.75459,0.75459,0.75459,0.75459,0.75459
0.74166,0.74166,0.74166,0.74166,0.74166
0.6968,0.6968,0.6968,0.6968,0.6968
0.59246,0.59246,0.59246,0.59246,0.59246
0.43712,0.43712,0.43712,0.43712,0.43712
0.23821,0.23821,0.23821,0.23821,0.23821
0.04863,0.04863,0.04863,0.04863,0.04863
0,0,0,0,0
0,0,0,0,0
0,0,0,0,0
0,0,0,0,0
0,0,0,0,0
0,0,0,0,0
0,0,0,0,0
0,0,0,0,0
0,0,0,0,0
0,0,0,0,0
0,0,0,0,0
0,0,0,0,0
0.03982,0.03982,0.03982,0.03982,0.03982
0.23332,0.23332,0.23332,0.23332,0.23332
0.44038,0.44038,0.44038,0.44038,0.44038
0.60049,0.60049,0.60049,0.60049,0.60049
0.70796,0.70796,0.70796,0.70796,0.70796
0.76247,0.76247,0.76247,0.76247,0.76247
0.75747,0.75747,0.75747,0.75747,0.75747
0.70432,0.70432,0.70432,0.70432,0.70432
0.60029,0.60029,0.60029,0.60029,0.60029
0.44498,0.44498,0.44498,0.44498,0.44498
0.24521,0.24521,0.24521,0.24521,0.24521
0.05025,0.05025,0.05025,0.05025,0.05025
0,0,0,0,0
0,0,0,0,0
0,0,0,0,0
0,0,0,0,0
0,0,0,0,0
0,0,0,0,0
0,0,0,0,0
0,0,0,0,0
0,0,0,0,0
0,0,0,0,0
0,0,0,0,0
0,0,0,0,0
0.04225,0.04225,0.04225,0.04225,0.04225
0.23475,0.23475,0.23475,0.23475,0.23475
0.44079,0.44079,0.44079,0.44079,0.44079
0.60091,0.60091,0.60091,0.60091,0.60091
0.71244,0.71244,0.71244,0.71244,0.71244
0.76924,0.76924,0.76924,0.76924,0.76924
0.77081,0.77081,0.77081,0.77081,0.77081
0.71921,0.71921,0.71921,0.71921,0.71921
0.61239,0.61239,0.61239,0.61239,0.61239
0.45217,0.45217,0.45217,0.45217,0.45217
0.2475,0.2475,0.2475,0.2475,0.2475
0.05032,0.05032,0.05032,0.05032,0.05032
0,0,0,0,0
0,0,0,0,0
0,0,0,0,0
0,0,0,0,0
0,0,0,0,0
0,0,0,0,0
0,0,0,0,0
0,0,0,0,0
0,0,0,0,0
0,0,0,0,0
0,0,0,0,0
0,0,0,0,0
0.01683,0.01683,0.01683,0.01683,0.01683
0.23715,0.23715,0.23715,0.23715,0.23715
0.44642,0.44642,0.44642,0.44642,0.44642
0.39684,0.39684,0.39684,0.39684,0.39684
0.7239,0.7239,0.7239,0.7239,0.7239
0.45413,0.45413,0.45413,0.45413,0.45413
0.56996,0.56996,0.56996,0.56996,0.56996
0.26781,0.26781,0.26781,0.26781,0.26781
0.22494,0.22494,0.22494,0.22494,0.22494
0.20892,0.20892,0.20892,0.20892,0.20892
0.14393,0.14393,0.14393,0.14393,0.14393
0.02814,0.02814,0.02814,0.02814,0.02814
0,0,0,0,0
0,0,0,0,0
0,0,0,0,0
0,0,0,0,0
0,0,0,0,0
0,0,0,0,0
0,0,0,0,0
0,0,0,0,0
0,0,0,0,0
0,0,0,0,0
0,0,0,0,0
0,0,0,0,0
0.01936,0.01936,0.01936,0.01936,0.01936
0.24139,0.24139,0.24139,0.24139,0.24139
0.27565,0.27565,0.27565,0.27565,0.27565
0.15803,0.15803,0.15803,0.15803,0.15803
0.71616,0.71616,0.71616,0.71616,0.71616
0.76849,0.76849,0.76849,0.76849,0.76849
0.46569,0.46569,0.46569,0.46569,0.46569
0.71629,0.71629,0.71629,0.71629,0.71629
0.60666,0.60666,0.60666,0.60666,0.60666
0.44701,0.44701,0.44701,0.44701,0.44701
0.13163,0.13163,0.13163,0.13163,0.13163
0.02817,0.02817,0.02817,0.02817,0.02817
0,0,0,0,0
0,0,0,0,0
0,0,0,0,0
0,0,0,0,0
0,0,0,0,0
0,0,0,0,0
0,0,0,0,0
0,0,0,0,0
0,0,0,0,0
0,0,0,0,0
0,0,0,0,0
0,0,0,0,0
0.04508,0.04508,0.04508,0.04508,0.04508
0.01112,0.01112,0.01112,0.01112,0.01112
0.06083,0.06083,0.06083,0.06083,0.06083
0.10072,0.10072,0.10072,0.10072,0.10072
0.24383,0.24383,0.24383,0.24383,0.24383
0.15823,0.15823,0.15823,0.15823,0.15823
0.23772,0.23772,0.23772,0.23772,0.23772
0.71359,0.71359,0.71359,0.71359,0.71359
0.21846,0.21846,0.21846,0.21846,0.21846
0.43741,0.43741,0.43741,0.43741,0.43741
0.23597,0.23597,0.23597,0.23597,0.23597
0.00945,0.00945,0.00945,0.00945,0.00945
0,0,0,0,0
0,0,0,0,0
0,0,0,0,0
0,0,0,0,0
0,0,0,0,0
0,0,0,0,0
0,0,0,0,0
0,0,0,0,0
0,0,0,0,0
0,0,0,0,0
0,0,0,0,0
0,0,0,0,0
0.04514,0.04514,0.04514,0.04514,0.04514
0.23849,0.23849,0.23849,0.23849,0.23849
0.4441,0.4441,0.4441,0.4441,0.4441
0.60063,0.60063,0.60063,0.60063,0.60063
0.52837,0.52837,0.52837,0.52837,0.52837
0.59382,0.59382,0.59382,0.59382,0.59382
0.63206,0.63206,0.63206,0.63206,0.63206
0.70173,0.70173,0.70173,0.70173,0.70173
0.5938,0.5938,0.5938,0.5938,0.5938
0.04326,0.04326,0.04326,0.04326,0.04326
0.21175,0.21175,0.21175,0.21175,0.21175
0.04678,0.04678,0.04678,0.04678,0.04678
0,0,0,0,0
0,0,0,0,0
0,0,0,0,0
0,0,0,0,0
0,0,0,0,0
0,0,0,0,0
0,0,0,0,0
0,0,0,0,0
0,0,0,0,0
0,0,0,0,0
0,0,0,0,0
0,0,0,0,0
0.04441,0.04441,0.04441,0.04441,0.04441
0.01832,0.01832,0.01832,0.01832,0.01832
0.36946,0.36946,0.36946,0.36946,0.36946
0.38925,0.38925,0.38925,0.38925,0.38925
0.6067,0.6067,0.6067,0.6067,0.6067
0.76454,0.76454,0.76454,0.76454,0.76454
0.76485,0.76485,0.76485,0.76485,0.76485
0.41156,0.41156,0.41156,0.41156,0.41156
0.25588,0.25588,0.25588,0.25588,0.25588
0.43797,0.43797,0.43797,0.43797,0.43797
0.23457,0.23457,0.23457,0.23457,0.23457
0.01268,0.01268,0.01268,0.01268,0.01268
0,0,0,0,0
0,0,0,0,0
0,0,0,0,0
0,0,0,0,0
0,0,0,0,0
0,0,0,0,0
0,0,0,0,0
0,0,0,0,0
0,0,0,0,0
0,0,0,0,0
0,0,0,0,0
0,0,0,0,0
0.04536,0.04536,0.04536,0.04536,0.04536
0.23727,0.23727,0.23727,0.23727,0.23727
0.44415,0.44415,0.44415,0.44415,0.44415
0.37631,0.37631,0.37631,0.37631,0.37631
0.46345,0.46345,0.46345,0.46345,0.46345
0.45167,0.45167,0.45167,0.45167,0.45167
0.45039,0.45039,0.45039,0.45039,0.45039
0.3865,0.3865,0.3865,0.3865,0.3865
0.25901,0.25901,0.25901,0.25901,0.25901
0.26818,0.26818,0.26818,0.26818,0.26818
0.08781,0.08781,0.08781,0.08781,0.08781
0.01677,0.01677,0.01677,0.01677,0.01677
0,0,0,0,0
0,0,0,0,0
0,0,0,0,0
0,0,0,0,0
0,0,0,0,0
0,0,0,0,0
0,0,0,0,0
0,0,0,0,0
0,0,0,0,0
0,0,0,0,0
0,0,0,0,0
0,0,0,0,0
0.01114,0.01114,0.01114,0.01114,0.01114
0.0578,0.0578,0.0578,0.0578,0.0578
0.10079,0.10079,0.10079,0.10079,0.10079
0.24843,0.24843,0.24843,0.24843,0.24843
0.2747,0.2747,0.2747,0.2747,0.2747
0.32204,0.32204,0.32204,0.32204,0.32204
0.24807,0.24807,0.24807,0.24807,0.24807
0.36732,0.36732,0.36732,0.36732,0.36732
0.37267,0.37267,0.37267,0.37267,0.37267
0.19617,0.19617,0.19617,0.19617,0.19617
0.10863,0.10863,0.10863,0.10863,0.10863
0.02168,0.02168,0.02168,0.02168,0.02168
0,0,0,0,0
0,0,0,0,0
0,0,0,0,0
0,0,0,0,0
0,0,0,0,0
0,0,0,0,0
0,0,0,0,0
0,0,0,0,0
0,0,0,0,0
0,0,0,0,0
0,0,0,0,0
0,0,0,0,0
0.05097,0.05097,0.05097,0.05097,0.05097
0.25524,0.25524,0.25524,0.25524,0.25524
0.46882,0.46882,0.46882,0.46882,0.46882
0.29392,0.29392,0.29392,0.29392,0.29392
0.33633,0.33633,0.33633,0.33633,0.33633
0.80615,0.80615,0.80615,0.80615,0.80615
0.79363,0.79363,0.79363,0.79363,0.79363
0.7379,0.7379,0.7379,0.7379,0.7379
0.62741,0.62741,0.62741,0.62741,0.62741
0.45788,0.45788,0.45788,0.45788,0.45788
0.24942,0.24942,0.24942,0.24942,0.24942
0.04946,0.04946,0.04946,0.04946,0.04946
0,0,0,0,0
0,0,0,0,0
0,0,0,0,0
0,0,0,0,0
0,0,0,0,0
0,0,0,0,0
0,0,0,0,0
0,0,0,0,0
0,0,0,0,0
0,0,0,0,0
0,0,0,0,0
0,0,0,0,0
0.05338,0.05338,0.05338,0.05338,0.05338
0.26332,0.26332,0.26332,0.26332,0.26332
0.47679,0.47679,0.47679,0.47679,0.47679
0.64411,0.64411,0.64411,0.64411,0.64411
0.75193,0.75193,0.75193,0.75193,0.75193
0.80378,0.80378,0.80378,0.80378,0.80378
0.79138,0.79138,0.79138,0.79138,0.79138
0.72993,0.72993,0.72993,0.72993,0.72993
0.61483,0.61483,0.61483,0.61483,0.61483
0.45337,0.45337,0.45337,0.45337,0.45337
0.24593,0.24593,0.24593,0.24593,0.24593
0.00461,0.00461,0.00461,0.00461,0.00461
0,0,0,0,0
0,0,0,0,0
0,0,0,0,0
0,0,0,0,0
0,0,0,0,0
0,0,0,0,0
0,0,0,0,0
0,0,0,0,0
0,0,0,0,0
0,0,0,0,0
0,0,0,0,0
0,0,0,0,0
0.00549,0.00549,0.00549,0.00549,0.00549
0.03886,0.03886,0.03886,0.03886,0.03886
0.25133,0.25133,0.25133,0.25133,0.25133
0.18579,0.18579,0.18579,0.18579,0.18579
0.15785,0.15785,0.15785,0.15785,0.15785
0.18734,0.18734,0.18734,0.18734,0.18734
0.26716,0.26716,0.26716,0.26716,0.26716
0.1597,0.1597,0.1597,0.1597,0.1597
0.03858,0.03858,0.03858,0.03858,0.03858
0.23566,0.23566,0.23566,0.23566,0.23566
0.175,0.175,0.175,0.175,0.175
0.00463,0.00463,0.00463,0.00463,0.00463
0,0,0,0,0
0,0,0,0,0
0,0,0,0,0
0,0,0,0,0
0,0,0,0,0
0,0,0,0,0
0,0,0,0,0
0,0,0,0,0
0,0,0,0,0
0,0,0,0,0
0,0,0,0,0
0,0,0,0,0
0.05594,0.05594,0.05594,0.05594,0.05594
0.26601,0.26601,0.26601,0.26601,0.26601
0.47271,0.47271,0.47271,0.47271,0.47271
0.63055,0.63055,0.63055,0.63055,0.63055
0.73728,0.73728,0.73728,0.73728,0.73728
0.79079,0.79079,0.79079,0.79079,0.79079
0.78737,0.78737,0.78737,0.78737,0.78737
0.73148,0.73148,0.73148,0.73148,0.73148
0.62069,0.62069,0.62069,0.62069,0.62069
0.36262,0.36262,0.36262,0.36262,0.36262
0.08496,0.08496,0.08496,0.08496,0.08496
0.01436,0.01436,0.01436,0.01436,0.01436
0,0,0,0,0
0,0,0,0,0
0,0,0,0,0
0,0,0,0,0
0,0,0,0,0
0,0,0,0,0
0,0,0,0,0
0,0,0,0,0
0,0,0,0,0
0,0,0,0,0
0,0,0,0,0
0,0,0,0,0
0.05688,0.05688,0.05688,0.05688,0.05688
0.26163,0.26163,0.26163,0.26163,0.26163
0.46718,0.46718,0.46718,0.46718,0.46718
0.626,0.626,0.626,0.626,0.626
0.73157,0.73157,0.73157,0.73157,0.73157
0.78302,0.78302,0.78302,0.78302,0.78302
0.77459,0.77459,0.77459,0.77459,0.77459
0.71689,0.71689,0.71689,0.71689,0.71689
0.60649,0.60649,0.60649,0.60649,0.60649
0.44147,0.44147,0.44147,0.44147,0.44147
0.23764,0.23764,0.23764,0.23764,0.23764
0.01598,0.01598,0.01598,0.01598,0.01598
0,0,0,0,0
0,0,0,0,0
0,0,0,0,0
0,0,0,0,0
0,0,0,0,0
0,0,0,0,0
0,0,0,0,0
0,0,0,0,0
0,0,0,0,0
0,0,0,0,0
0,0,0,0,0
0,0,0,0,0
0.02015,0.02015,0.02015,0.02015,0.02015
0.10218,0.10218,0.10218,0.10218,0.10218
0.46588,0.46588,0.46588,0.46588,0.46588
0.62474,0.62474,0.62474,0.62474,0.62474
0.73168,0.73168,0.73168,0.73168,0.73168
0.78318,0.78318,0.78318,0.78318,0.78318
0.77649,0.77649,0.77649,0.77649,0.77649
0.7166,0.7166,0.7166,0.7166,0.7166
0.60302,0.60302,0.60302,0.60302,0.60302
0.27882,0.27882,0.27882,0.27882,0.27882
0.12117,0.12117,0.12117,0.12117,0.12117
0.04606,0.04606,0.04606,0.04606,0.04606
0,0,0,0,0
0,0,0,0,0
0,0,0,0,0
0,0,0,0,0
0,0,0,0,0
0,0,0,0,0
0,0,0,0,0
0,0,0,0,0
0,0,0,0,0
0,0,0,0,0
0,0,0,0,0
0,0,0,0,0
0.05636,0.05636,0.05636,0.05636,0.05636
0.01905,0.01905,0.01905,0.01905,0.01905
0.25644,0.25644,0.25644,0.25644,0.25644
0.26877,0.26877,0.26877,0.26877,0.26877
0.09044,0.09044,0.09044,0.09044,0.09044
0.22525,0.22525,0.22525,0.22525,0.22525
0.17212,0.17212,0.17212,0.17212,0.17212
0.13403,0.13403,0.13403,0.13403,0.13403
0.05702,0.05702,0.05702,0.05702,0.05702
0.05791,0.05791,0.05791,0.05791,0.05791
0.05032,0.05032,0.05032,0.05032,0.05032
0.01018,0.01018,0.01018,0.01018,0.01018
0,0,0,0,0
0,0,0,0,0
0,0,0,0,0
0,0,0,0,0
0,0,0,0,0
0,0,0,0,0
0,0,0,0,0
0,0,0,0,0
0,0,0,0,0
0,0,0,0,0
0,0,0,0,0
0,0,0,0,0
0.05822,0.05822,0.05822,0.05822,0.05822
0.14645,0.14645,0.14645,0.14645,0.14645
0.35627,0.35627,0.35627,0.35627,0.35627
0.47952,0.47952,0.47952,0.47952,0.47952
0.53569,0.53569,0.53569,0.53569,0.53569
0.63167,0.63167,0.63167,0.63167,0.63167
0.60546,0.60546,0.60546,0.60546,0.60546
0.37692,0.37692,0.37692,0.37692,0.37692
0.45177,0.45177,0.45177,0.45177,0.45177
0.01652,0.01652,0.01652,0.01652,0.01652
0.07263,0.07263,0.07263,0.07263,0.07263
0.01421,0.01421,0.01421,0.01421,0.01421
0,0,0,0,0
0,0,0,0,0
0,0,0,0,0
0,0,0,0,0
0,0,0,0,0
0,0,0,0,0
0,0,0,0,0
0,0,0,0,0
0,0,0,0,0
0,0,0,0,0
0,0,0,0,0
0,0,0,0,0
0.03368,0.03368,0.03368,0.03368,0.03368
0.14,0.14,0.14,0.14,0.14
0.34155,0.34155,0.34155,0.34155,0.34155
0.17985,0.17985,0.17985,0.17985,0.17985
0.07184,0.07184,0.07184,0.07184,0.07184
0.11408,0.11408,0.11408,0.11408,0.11408
0.20854,0.20854,0.20854,0.20854,0.20854
0.04838,0.04838,0.04838,0.04838,0.04838
0.03335,0.03335,0.03335,0.03335,0.03335
0.16669,0.16669,0.16669,0.16669,0.16669
0.08829,0.08829,0.08829,0.08829,0.08829
0.04313,0.04313,0.04313,0.04313,0.04313
0,0,0,0,0
0,0,0,0,0
0,0,0,0,0
0,0,0,0,0
0,0,0,0,0
0,0,0,0,0
0,0,0,0,0
0,0,0,0,0
0,0,0,0,0
0,0,0,0,0
0,0,0,0,0
0,0,0,0,0
0.01676,0.01676,0.01676,0.01676,0.01676
0.26056,0.26056,0.26056,0.26056,0.26056
0.45983,0.45983,0.45983,0.45983,0.45983
0.6111,0.6111,0.6111,0.6111,0.6111
0.28693,0.28693,0.28693,0.28693,0.28693
0.50081,0.50081,0.50081,0.50081,0.50081
0.74628,0.74628,0.74628,0.74628,0.74628
0.68626,0.68626,0.68626,0.68626,0.68626
0.57572,0.57572,0.57572,0.57572,0.57572
0.22269,0.22269,0.22269,0.22269,0.22269
0.22325,0.22325,0.22325,0.22325,0.22325
0.044,0.044,0.044,0.044,0.044
0,0,0,0,0
0,0,0,0,0
0,0,0,0,0
0,0,0,0,0
0,0,0,0,0
0,0,0,0,0
0,0,0,0,0
0,0,0,0,0
0,0,0,0,0
0,0,0,0,0
0,0,0,0,0
0,0,0,0,0
0.06271,0.06271,0.06271,0.06271,0.06271
0.25788,0.25788,0.25788,0.25788,0.25788
0.45918,0.45918,0.45918,0.45918,0.45918
0.59838,0.59838,0.59838,0.59838,0.59838
0.70377,0.70377,0.70377,0.70377,0.70377
0.75129,0.75129,0.75129,0.75129,0.75129
0.42016,0.42016,0.42016,0.42016,0.42016
0.39946,0.39946,0.39946,0.39946,0.39946
0.52098,0.52098,0.52098,0.52098,0.52098
0.18577,0.18577,0.18577,0.18577,0.18577
0.01339,0.01339,0.01339,0.01339,0.01339
0.04698,0.04698,0.04698,0.04698,0.04698
0,0,0,0,0
0,0,0,0,0
0,0,0,0,0
0,0,0,0,0
0,0,0,0,0
0,0,0,0,0
0,0,0,0,0
0,0,0,0,0
0,0,0,0,0
0,0,0,0,0
0,0,0,0,0
0,0,0,0,0
0.06675,0.06675,0.06675,0.06675,0.06675
0.27896,0.27896,0.27896,0.27896,0.27896
0.48153,0.48153,0.48153,0.48153,0.48153
0.54891,0.54891,0.54891,0.54891,0.54891
0.61588,0.61588,0.61588,0.61588,0.61588
0.63994,0.63994,0.63994,0.63994,0.63994
0.63137,0.63137,0.63137,0.63137,0.63137
0.50285,0.50285,0.50285,0.50285,0.50285
0.27931,0.27931,0.27931,0.27931,0.27931
0.2877,0.2877,0.2877,0.2877,0.2877
0.21673,0.21673,0.21673,0.21673,0.21673
0.04743,0.04743,0.04743,0.04743,0.04743
0,0,0,0,0
0,0,0,0,0
0,0,0,0,0
0,0,0,0,0
0,0,0,0,0
0,0,0,0,0
0,0,0,0,0
0,0,0,0,0
0,0,0,0,0
0,0,0,0,0
0,0,0,0,0
0,0,0,0,0
0.05659,0.05659,0.05659,0.05659,0.05659
0.16538,0.16538,0.16538,0.16538,0.16538
0.4488,0.4488,0.4488,0.4488,0.4488
0.62944,0.62944,0.62944,0.62944,0.62944
0.64883,0.64883,0.64883,0.64883,0.64883
0.68517,0.68517,0.68517,0.68517,0.68517
0.71509,0.71509,0.71509,0.71509,0.71509
0.70703,0.70703,0.70703,0.70703,0.70703
0.43445,0.43445,0.43445,0.43445,0.43445
0.4319,0.4319,0.4319,0.4319,0.4319
0.19694,0.19694,0.19694,0.19694,0.19694
0.04449,0.04449,0.04449,0.04449,0.04449
0,0,0,0,0
0,0,0,0,0
0,0,0,0,0
0,0,0,0,0
0,0,0,0,0
0,0,0,0,0
0,0,0,0,0
0,0,0,0,0
0,0,0,0,0
0,0,0,0,0
0,0,0,0,0
0,0,0,0,0
0.07054,0.07054,0.07054,0.07054,0.07054
0.28085,0.28085,0.28085,0.28085,0.28085
0.48344,0.48344,0.48344,0.48344,0.48344
0.36971,0.36971,0.36971,0.36971,0.36971
0.35407,0.35407,0.35407,0.35407,0.35407
0.35581,0.35581,0.35581,0.35581,0.35581
0.77986,0.77986,0.77986,0.77986,0.77986
0.71586,0.71586,0.71586,0.71586,0.71586
0.6045,0.6045,0.6045,0.6045,0.6045
0.44361,0.44361,0.44361,0.44361,0.44361
0.23774,0.23774,0.23774,0.23774,0.23774
0.04567,0.04567,0.04567,0.04567,0.04567
0,0,0,0,0
0,0,0,0,0
0,0,0,0,0
0,0,0,0,0
0,0,0,0,0
0,0,0,0,0
0,0,0,0,0
0,0,0,0,0
0,0,0,0,0
0,0,0,0,0
0,0,0,0,0
0,0,0,0,0
0.07267,0.07267,0.07267,0.07267,0.07267
0.28125,0.28125,0.28125,0.28125,0.28125
0.48213,0.48213,0.48213,0.48213,0.48213
0.55482,0.55482,0.55482,0.55482,0.55482
0.47821,0.47821,0.47821,0.47821,0.47821
0.43791,0.43791,0.43791,0.43791,0.43791
0.78216,0.78216,0.78216,0.78216,0.78216
0.57441,0.57441,0.57441,0.57441,0.57441
0.60517,0.60517,0.60517,0.60517,0.60517
0.35516,0.35516,0.35516,0.35516,0.35516
0.14508,0.14508,0.14508,0.14508,0.14508
0.03083,0.03083,0.03083,0.03083,0.03083
0,0,0,0,0
0,0,0,0,0
0,0,0,0,0
0,0,0,0,0
0,0,0,0,0
0,0,0,0,0
0,0,0,0,0
0,0,0,0,0
0,0,0,0,0
0,0,0,0,0
0,0,0,0,0
0,0,0,0,0
0.07213,0.07213,0.07213,0.07213,0.07213
0.27964,0.27964,0.27964,0.27964,0.27964
0.47911,0.47911,0.47911,0.47911,0.47911
0.62978,0.62978,0.62978,0.62978,0.62978
0.72758,0.72758,0.72758,0.72758,0.72758
0.77294,0.77294,0.77294,0.77294,0.77294
0.75296,0.75296,0.75296,0.75296,0.75296
0.66308,0.66308,0.66308,0.66308,0.66308
0.58207,0.58207,0.58207,0.58207,0.58207
0.1293,0.1293,0.1293,0.1293,0.1293
0.05405,0.05405,0.05405,0.05405,0.05405
0.03579,0.03579,0.03579,0.03579,0.03579
0,0,0,0,0
0,0,0,0,0
0,0,0,0,0
0,0,0,0,0
0,0,0,0,0
0,0,0,0,0
0,0,0,0,0
0,0,0,0,0
0,0,0,0,0
0,0,0,0,0
0,0,0,0,0
0,0,0,0,0
0.05902,0.05902,0.05902,0.05902,0.05902
0.03349,0.03349,0.03349,0.03349,0.03349
0.27626,0.27626,0.27626,0.27626,0.27626
0.43506,0.43506,0.43506,0.43506,0.43506
0.5933,0.5933,0.5933,0.5933,0.5933
0.74585,0.74585,0.74585,0.74585,0.74585
0.59059,0.59059,0.59059,0.59059,0.59059
0.55304,0.55304,0.55304,0.55304,0.55304
0.28271,0.28271,0.28271,0.28271,0.28271
0.24438,0.24438,0.24438,0.24438,0.24438
0.16381,0.16381,0.16381,0.16381,0.16381
0.03278,0.03278,0.03278,0.03278,0.03278
0,0,0,0,0
0,0,0,0,0
0,0,0,0,0
0,0,0,0,0
0,0,0,0,0
0,0,0,0,0
0,0,0,0,0
0,0,0,0,0
0,0,0,0,0
0,0,0,0,0
0,0,0,0,0
0,0,0,0,0
0.06941,0.06941,0.06941,0.06941,0.06941
0.24361,0.24361,0.24361,0.24361,0.24361
0.37116,0.37116,0.37116,0.37116,0.37116
0.50203,0.50203,0.50203,0.50203,0.50203
0.5516,0.5516,0.5516,0.5516,0.5516
0.69238,0.69238,0.69238,0.69238,0.69238
0.70036,0.70036,0.70036,0.70036,0.70036
0.65366,0.65366,0.65366,0.65366,0.65366
0.5156,0.5156,0.5156,0.5156,0.5156
0.35496,0.35496,0.35496,0.35496,0.35496
0.18692,0.18692,0.18692,0.18692,0.18692
0.02394,0.02394,0.02394,0.02394,0.02394
0,0,0,0,0
0,0,0,0,0
0,0,0,0,0
0,0,0,0,0
0,0,0,0,0
0,0,0,0,0
0,0,0,0,0
0,0,0,0,0
0,0,0,0,0
0,0,0,0,0
0,0,0,0,0
0,0,0,0,0
0.05955,0.05955,0.05955,0.05955,0.05955
0.1935,0.1935,0.1935,0.1935,0.1935
0.31202,0.31202,0.31202,0.31202,0.31202
0.47191,0.47191,0.47191,0.47191,0.47191
0.55386,0.55386,0.55386,0.55386,0.55386
0.70375,0.70375,0.70375,0.70375,0.70375
0.69675,0.69675,0.69675,0.69675,0.69675
0.56628,0.56628,0.56628,0.56628,0.56628
0.45291,0.45291,0.45291,0.45291,0.45291
0.30495,0.30495,0.30495,0.30495,0.30495
0.07749,0.07749,0.07749,0.07749,0.07749
0.01822,0.01822,0.01822,0.01822,0.01822
0,0,0,0,0
0,0,0,0,0
0,0,0,0,0
0,0,0,0,0
0,0,0,0,0
0,0,0,0,0
0,0,0,0,0
0,0,0,0,0
0,0,0,0,0
0,0,0,0,0
0,0,0,0,0
0,0,0,0,0
0.00055,0.00055,0.00055,0.00055,0.00055
0.01024,0.01024,0.01024,0.01024,0.01024
0.02635,0.02635,0.02635,0.02635,0.02635
0.06807,0.06807,0.06807,0.06807,0.06807
0.05607,0.05607,0.05607,0.05607,0.05607
0.12438,0.12438,0.12438,0.12438,0.12438
0.06257,0.06257,0.06257,0.06257,0.06257
0.05126,0.05126,0.05126,0.05126,0.05126
0.03516,0.03516,0.03516,0.03516,0.03516
0.02145,0.02145,0.02145,0.02145,0.02145
0.00696,0.00696,0.00696,0.00696,0.00696
0.00373,0.00373,0.00373,0.00373,0.00373
0,0,0,0,0
0,0,0,0,0
0,0,0,0,0
0,0,0,0,0
0,0,0,0,0
0,0,0,0,0
0,0,0,0,0
0,0,0,0,0
0,0,0,0,0
0,0,0,0,0
0,0,0,0,0
0,0,0,0,0
0.06127,0.06127,0.06127,0.06127,0.06127
0.14711,0.14711,0.14711,0.14711,0.14711
0.20588,0.20588,0.20588,0.20588,0.20588
0.62335,0.62335,0.62335,0.62335,0.62335
0.485,0.485,0.485,0.485,0.485
0.40759,0.40759,0.40759,0.40759,0.40759
0.6097,0.6097,0.6097,0.6097,0.6097
0.34675,0.34675,0.34675,0.34675,0.34675
0.32272,0.32272,0.32272,0.32272,0.32272
0.19136,0.19136,0.19136,0.19136,0.19136
0.04801,0.04801,0.04801,0.04801,0.04801
0.01268,0.01268,0.01268,0.01268,0.01268
0,0,0,0,0
0,0,0,0,0
0,0,0,0,0
0,0,0,0,0
0,0,0,0,0
0,0,0,0,0
0,0,0,0,0
0,0,0,0,0
0,0,0,0,0
0,0,0,0,0
0,0,0,0,0
0,0,0,0,0
0.00056,0.00056,0.00056,0.00056,0.00056
0.00944,0.00944,0.00944,0.00944,0.00944
0.12848,0.12848,0.12848,0.12848,0.12848
0.5759,0.5759,0.5759,0.5759,0.5759
0.58072,0.58072,0.58072,0.58072,0.58072
0.68796,0.68796,0.68796,0.68796,0.68796
0.74396,0.74396,0.74396,0.74396,0.74396
0.51183,0.51183,0.51183,0.51183,0.51183
0.58406,0.58406,0.58406,0.58406,0.58406
0.41957,0.41957,0.41957,0.41957,0.41957
0.23109,0.23109,0.23109,0.23109,0.23109
0.03921,0.03921,0.03921,0.03921,0.03921
0,0,0,0,0
0,0,0,0,0
0,0,0,0,0
0,0,0,0,0
0,0,0,0,0
0,0,0,0,0
0,0,0,0,0
0,0,0,0,0
0,0,0,0,0
0,0,0,0,0
0,0,0,0,0
0,0,0,0,0
0.06991,0.06991,0.06991,0.06991,0.06991
0.17516,0.17516,0.17516,0.17516,0.17516
0.18484,0.18484,0.18484,0.18484,0.18484
0.4137,0.4137,0.4137,0.4137,0.4137
0.42391,0.42391,0.42391,0.42391,0.42391
0.5341,0.5341,0.5341,0.5341,0.5341
0.54831,0.54831,0.54831,0.54831,0.54831
0.51827,0.51827,0.51827,0.51827,0.51827
0.25432,0.25432,0.25432,0.25432,0.25432
0.1048,0.1048,0.1048,0.1048,0.1048
0.14399,0.14399,0.14399,0.14399,0.14399
0.04181,0.04181,0.04181,0.04181,0.04181
0,0,0,0,0
0,0,0,0,0
0,0,0,0,0
0,0,0,0,0
0,0,0,0,0
0,0,0,0,0
0,0,0,0,0
0,0,0,0,0
0,0,0,0,0
0,0,0,0,0
0,0,0,0,0
0,0,0,0,0
0.07377,0.07377,0.07377,0.07377,0.07377
0.2396,0.2396,0.2396,0.2396,0.2396
0.38847,0.38847,0.38847,0.38847,0.38847
0.46486,0.46486,0.46486,0.46486,0.46486
0.49281,0.49281,0.49281,0.49281,0.49281
0.61214,0.61214,0.61214,0.61214,0.61214
0.69845,0.69845,0.69845,0.69845,0.69845
0.70897,0.70897,0.70897,0.70897,0.70897
0.59368,0.59368,0.59368,0.59368,0.59368
0.38,0.38,0.38,0.38,0.38
0.02039,0.02039,0.02039,0.02039,0.02039
0.00451,0.00451,0.00451,0.00451,0.00451
0,0,0,0,0
0,0,0,0,0
0,0,0,0,0
0,0,0,0,0
0,0,0,0,0
0,0,0,0,0
0,0,0,0,0
0,0,0,0,0
0,0,0,0,0
0,0,0,0,0
0,0,0,0,0
0,0,0,0,0
0.08288,0.08288,0.08288,0.08288,0.08288
0.292,0.292,0.292,0.292,0.292
0.48706,0.48706,0.48706,0.48706,0.48706
0.63079,0.63079,0.63079,0.63079,0.63079
0.73656,0.73656,0.73656,0.73656,0.73656
0.78142,0.78142,0.78142,0.78142,0.78142
0.76729,0.76729,0.76729,0.76729,0.76729
0.70502,0.70502,0.70502,0.70502,0.70502
0.57952,0.57952,0.57952,0.57952,0.57952
0.02263,0.02263,0.02263,0.02263,0.02263
0.132,0.132,0.132,0.132,0.132
0.02147,0.02147,0.02147,0.02147,0.02147
0,0,0,0,0
0,0,0,0,0
0,0,0,0,0
0,0,0,0,0
0,0,0,0,0
0,0,0,0,0
0,0,0,0,0
0,0,0,0,0
0,0,0,0,0
0,0,0,0,0
0,0,0,0,0
0,0,0,0,0
0.08125,0.08125,0.08125,0.08125,0.08125
0.28688,0.28688,0.28688,0.28688,0.28688
0.48686,0.48686,0.48686,0.48686,0.48686
0.63717,0.63717,0.63717,0.63717,0.63717
0.73658,0.73658,0.73658,0.73658,0.73658
0.7827,0.7827,0.7827,0.7827,0.7827
0.64847,0.64847,0.64847,0.64847,0.64847
0.60959,0.60959,0.60959,0.60959,0.60959
0.59949,0.59949,0.59949,0.59949,0.59949
0.35953,0.35953,0.35953,0.35953,0.35953
0.14179,0.14179,0.14179,0.14179,0.14179
0.02272,0.02272,0.02272,0.02272,0.02272
0,0,0,0,0
0,0,0,0,0
0,0,0,0,0
0,0,0,0,0
0,0,0,0,0
0,0,0,0,0
0,0,0,0,0
0,0,0,0,0
0,0,0,0,0
0,0,0,0,0
0,0,0,0,0
0,0,0,0,0
0.05664,0.05664,0.05664,0.05664,0.05664
0.11235,0.11235,0.11235,0.11235,0.11235
0.11456,0.11456,0.11456,0.11456,0.11456
0.36421,0.36421,0.36421,0.36421,0.36421
0.40557,0.40557,0.40557,0.40557,0.40557
0.26455,0.26455,0.26455,0.26455,0.26455
0.15143,0.15143,0.15143,0.15143,0.15143
0.2089,0.2089,0.2089,0.2089,0.2089
0.2128,0.2128,0.2128,0.2128,0.2128
0.04149,0.04149,0.04149,0.04149,0.04149
0.01663,0.01663,0.01663,0.01663,0.01663
0.00296,0.00296,0.00296,0.00296,0.00296
0,0,0,0,0
0,0,0,0,0
0,0,0,0,0
0,0,0,0,0
0,0,0,0,0
0,0,0,0,0
0,0,0,0,0
0,0,0,0,0
0,0,0,0,0
0,0,0,0,0
0,0,0,0,0
0,0,0,0,0
0.06037,0.06037,0.06037,0.06037,0.06037
0.10353,0.10353,0.10353,0.10353,0.10353
0.09582,0.09582,0.09582,0.09582,0.09582
0.16052,0.16052,0.16052,0.16052,0.16052
0.16591,0.16591,0.16591,0.16591,0.16591
0.22183,0.22183,0.22183,0.22183,0.22183
0.18884,0.18884,0.18884,0.18884,0.18884
0.36419,0.36419,0.36419,0.36419,0.36419
0.22194,0.22194,0.22194,0.22194,0.22194
0.12343,0.12343,0.12343,0.12343,0.12343
0.07828,0.07828,0.07828,0.07828,0.07828
0.02064,0.02064,0.02064,0.02064,0.02064
0,0,0,0,0
0,0,0,0,0
0,0,0,0,0
0,0,0,0,0
0,0,0,0,0
0,0,0,0,0
0,0,0,0,0
0,0,0,0,0
0,0,0,0,0
0,0,0,0,0
0,0,0,0,0
0,0,0,0,0
0.05698,0.05698,0.05698,0.05698,0.05698
0.23317,0.23317,0.23317,0.23317,0.23317
0.36683,0.36683,0.36683,0.36683,0.36683
0.47741,0.47741,0.47741,0.47741,0.47741
0.56644,0.56644,0.56644,0.56644,0.56644
0.68917,0.68917,0.68917,0.68917,0.68917
0.62955,0.62955,0.62955,0.62955,0.62955
0.33718,0.33718,0.33718,0.33718,0.33718
0.35468,0.35468,0.35468,0.35468,0.35468
0.13333,0.13333,0.13333,0.13333,0.13333
0.01732,0.01732,0.01732,0.01732,0.01732
0.00854,0.00854,0.00854,0.00854,0.00854
0,0,0,0,0
0,0,0,0,0
0,0,0,0,0
0,0,0,0,0
0,0,0,0,0
0,0,0,0,0
0,0,0,0,0
0,0,0,0,0
0,0,0,0,0
0,0,0,0,0
0,0,0,0,0
0,0,0,0,0
0.04281,0.04281,0.04281,0.04281,0.04281
0.14207,0.14207,0.14207,0.14207,0.14207
0.24783,0.24783,0.24783,0.24783,0.24783
0.25839,0.25839,0.25839,0.25839,0.25839
0.33516,0.33516,0.33516,0.33516,0.33516
0.40049,0.40049,0.40049,0.40049,0.40049
0.6032,0.6032,0.6032,0.6032,0.6032
0.66147,0.66147,0.66147,0.66147,0.66147
0.56707,0.56707,0.56707,0.56707,0.56707
0.42115,0.42115,0.42115,0.42115,0.42115
0.12808,0.12808,0.12808,0.12808,0.12808
0.02206,0.02206,0.02206,0.02206,0.02206
0,0,0,0,0
0,0,0,0,0
0,0,0,0,0
0,0,0,0,0
0,0,0,0,0
0,0,0,0,0
0,0,0,0,0
0,0,0,0,0
0,0,0,0,0
0,0,0,0,0
0,0,0,0,0
0,0,0,0,0
0.079,0.079,0.079,0.079,0.079
0.22407,0.22407,0.22407,0.22407,0.22407
0.46018,0.46018,0.46018,0.46018,0.46018
0.34884,0.34884,0.34884,0.34884,0.34884
0.63945,0.63945,0.63945,0.63945,0.63945
0.59536,0.59536,0.59536,0.59536,0.59536
0.34843,0.34843,0.34843,0.34843,0.34843
0.37051,0.37051,0.37051,0.37051,0.37051
0.37536,0.37536,0.37536,0.37536,0.37536
0.24424,0.24424,0.24424,0.24424,0.24424
0.11361,0.11361,0.11361,0.11361,0.11361
0.04028,0.04028,0.04028,0.04028,0.04028
0,0,0,0,0
0,0,0,0,0
0,0,0,0,0
0,0,0,0,0
0,0,0,0,0
0,0,0,0,0
0,0,0,0,0
0,0,0,0,0
0,0,0,0,0
0,0,0,0,0
0,0,0,0,0
0,0,0,0,0
0.0816,0.0816,0.0816,0.0816,0.0816
0.27375,0.27375,0.27375,0.27375,0.27375
0.39958,0.39958,0.39958,0.39958,0.39958
0.53338,0.53338,0.53338,0.53338,0.53338
0.64286,0.64286,0.64286,0.64286,0.64286
0.31685,0.31685,0.31685,0.31685,0.31685
0.19768,0.19768,0.19768,0.19768,0.19768
0.14924,0.14924,0.14924,0.14924,0.14924
0.04874,0.04874,0.04874,0.04874,0.04874
0.17943,0.17943,0.17943,0.17943,0.17943
0.08989,0.08989,0.08989,0.08989,0.08989
0.0399,0.0399,0.0399,0.0399,0.0399
0,0,0,0,0
0,0,0,0,0
0,0,0,0,0
0,0,0,0,0
0,0,0,0,0
0,0,0,0,0
0,0,0,0,0
0,0,0,0,0
0,0,0,0,0
0,0,0,0,0
0,0,0,0,0
0,0,0,0,0
0.08778,0.08778,0.08778,0.08778,0.08778
0.30614,0.30614,0.30614,0.30614,0.30614
0.5067,0.5067,0.5067,0.5067,0.5067
0.35298,0.35298,0.35298,0.35298,0.35298
0.57481,0.57481,0.57481,0.57481,0.57481
0.75408,0.75408,0.75408,0.75408,0.75408
0.79813,0.79813,0.79813,0.79813,0.79813
0.71861,0.71861,0.71861,0.71861,0.71861
0.54894,0.54894,0.54894,0.54894,0.54894
0.3939,0.3939,0.3939,0.3939,0.3939
0.17115,0.17115,0.17115,0.17115,0.17115
0.0438,0.0438,0.0438,0.0438,0.0438
0,0,0,0,0
0,0,0,0,0
0,0,0,0,0
0,0,0,0,0
0,0,0,0,0
0,0,0,0,0
0,0,0,0,0
0,0,0,0,0
0,0,0,0,0
0,0,0,0,0
0,0,0,0,0
0,0,0,0,0
0.09311,0.09311,0.09311,0.09311,0.09311
0.30794,0.30794,0.30794,0.30794,0.30794
0.50898,0.50898,0.50898,0.50898,0.50898
0.66101,0.66101,0.66101,0.66101,0.66101
0.75978,0.75978,0.75978,0.75978,0.75978
0.80405,0.80405,0.80405,0.80405,0.80405
0.79168,0.79168,0.79168,0.79168,0.79168
0.70883,0.70883,0.70883,0.70883,0.70883
0.54165,0.54165,0.54165,0.54165,0.54165
0.34772,0.34772,0.34772,0.34772,0.34772
0.22488,0.22488,0.22488,0.22488,0.22488
0.04382,0.04382,0.04382,0.04382,0.04382
0,0,0,0,0
0,0,0,0,0
0,0,0,0,0
0,0,0,0,0
0,0,0,0,0
0,0,0,0,0
0,0,0,0,0
0,0,0,0,0
0,0,0,0,0
0,0,0,0,0
0,0,0,0,0
0,0,0,0,0
0.09384,0.09384,0.09384,0.09384,0.09384
0.30818,0.30818,0.30818,0.30818,0.30818
0.50837,0.50837,0.50837,0.50837,0.50837
0.66037,0.66037,0.66037,0.66037,0.66037
0.75902,0.75902,0.75902,0.75902,0.75902
0.77321,0.77321,0.77321,0.77321,0.77321
0.66594,0.66594,0.66594,0.66594,0.66594
0.45403,0.45403,0.45403,0.45403,0.45403
0.39157,0.39157,0.39157,0.39157,0.39157
0.36159,0.36159,0.36159,0.36159,0.36159
0.22942,0.22942,0.22942,0.22942,0.22942
0.04435,0.04435,0.04435,0.04435,0.04435
0,0,0,0,0
0,0,0,0,0
0,0,0,0,0
0,0,0,0,0
0,0,0,0,0
0,0,0,0,0
0,0,0,0,0
0,0,0,0,0
0,0,0,0,0
0,0,0,0,0
0,0,0,0,0
0,0,0,0,0
0.08776,0.08776,0.08776,0.08776,0.08776
0.2988,0.2988,0.2988,0.2988,0.2988
0.49697,0.49697,0.49697,0.49697,0.49697
0.64798,0.64798,0.64798,0.64798,0.64798
0.74518,0.74518,0.74518,0.74518,0.74518
0.7891,0.7891,0.7891,0.7891,0.7891
0.661,0.661,0.661,0.661,0.661
0.53666,0.53666,0.53666,0.53666,0.53666
0.20693,0.20693,0.20693,0.20693,0.20693
0.22042,0.22042,0.22042,0.22042,0.22042
0.19898,0.19898,0.19898,0.19898,0.19898
0.04216,0.04216,0.04216,0.04216,0.04216
0,0,0,0,0
0,0,0,0,0
0,0,0,0,0
0,0,0,0,0
0,0,0,0,0
0,0,0,0,0
0,0,0,0,0
0,0,0,0,0
0,0,0,0,0
0,0,0,0,0
0,0,0,0,0
0,0,0,0,0
0.01026,0.01026,0.01026,0.01026,0.01026
0.08007,0.08007,0.08007,0.08007,0.08007
0.28709,0.28709,0.28709,0.28709,0.28709
0.51314,0.51314,0.51314,0.51314,0.51314
0.52327,0.52327,0.52327,0.52327,0.52327
0.51585,0.51585,0.51585,0.51585,0.51585
0.59739,0.59739,0.59739,0.59739,0.59739
0.50179,0.50179,0.50179,0.50179,0.50179
0.27117,0.27117,0.27117,0.27117,0.27117
0.07226,0.07226,0.07226,0.07226,0.07226
0.05054,0.05054,0.05054,0.05054,0.05054
0.00779,0.00779,0.00779,0.00779,0.00779
0,0,0,0,0
0,0,0,0,0
0,0,0,0,0
0,0,0,0,0
0,0,0,0,0
0,0,0,0,0
0,0,0,0,0
0,0,0,0,0
0,0,0,0,0
0,0,0,0,0
0,0,0,0,0
0,0,0,0,0
0.02365,0.02365,0.02365,0.02365,0.02365
0.23278,0.23278,0.23278,0.23278,0.23278
0.29538,0.29538,0.29538,0.29538,0.29538
0.51278,0.51278,0.51278,0.51278,0.51278
0.68441,0.68441,0.68441,0.68441,0.68441
0.69931,0.69931,0.69931,0.69931,0.69931
0.61487,0.61487,0.61487,0.61487,0.61487
0.65198,0.65198,0.65198,0.65198,0.65198
0.44687,0.44687,0.44687,0.44687,0.44687
0.25541,0.25541,0.25541,0.25541,0.25541
0.16207,0.16207,0.16207,0.16207,0.16207
0.03798,0.03798,0.03798,0.03798,0.03798
0,0,0,0,0
0,0,0,0,0
0,0,0,0,0
0,0,0,0,0
0,0,0,0,0
0,0,0,0,0
0,0,0,0,0
0,0,0,0,0
0,0,0,0,0
0,0,0,0,0
0,0,0,0,0
0,0,0,0,0
0.02072,0.02072,0.02072,0.02072,0.02072
0.19766,0.19766,0.19766,0.19766,0.19766
0.25425,0.25425,0.25425,0.25425,0.25425
0.42971,0.42971,0.42971,0.42971,0.42971
0.37647,0.37647,0.37647,0.37647,0.37647
0.35678,0.35678,0.35678,0.35678,0.35678
0.24574,0.24574,0.24574,0.24574,0.24574
0.15369,0.15369,0.15369,0.15369,0.15369
0.05406,0.05406,0.05406,0.05406,0.05406
0.05808,0.05808,0.05808,0.05808,0.05808
0.05411,0.05411,0.05411,0.05411,0.05411
0.01915,0.01915,0.01915,0.01915,0.01915
0,0,0,0,0
0,0,0,0,0
0,0,0,0,0
0,0,0,0,0
0,0,0,0,0
0,0,0,0,0
0,0,0,0,0
0,0,0,0,0
0,0,0,0,0
0,0,0,0,0
0,0,0,0,0
0,0,0,0,0
0.05864,0.05864,0.05864,0.05864,0.05864
0.23796,0.23796,0.23796,0.23796,0.23796
0.40484,0.40484,0.40484,0.40484,0.40484
0.45403,0.45403,0.45403,0.45403,0.45403
0.56833,0.56833,0.56833,0.56833,0.56833
0.54525,0.54525,0.54525,0.54525,0.54525
0.57241,0.57241,0.57241,0.57241,0.57241
0.45569,0.45569,0.45569,0.45569,0.45569
0.21784,0.21784,0.21784,0.21784,0.21784
0.04957,0.04957,0.04957,0.04957,0.04957
0.01749,0.01749,0.01749,0.01749,0.01749
0.00216,0.00216,0.00216,0.00216,0.00216
0,0,0,0,0
0,0,0,0,0
0,0,0,0,0
0,0,0,0,0
0,0,0,0,0
0,0,0,0,0
0,0,0,0,0
0,0,0,0,0
0,0,0,0,0
0,0,0,0,0
0,0,0,0,0
0,0,0,0,0
0.0087,0.0087,0.0087,0.0087,0.0087
0.03383,0.03383,0.03383,0.03383,0.03383
0.24141,0.24141,0.24141,0.24141,0.24141
0.12892,0.12892,0.12892,0.12892,0.12892
0.1663,0.1663,0.1663,0.1663,0.1663
0.32726,0.32726,0.32726,0.32726,0.32726
0.44942,0.44942,0.44942,0.44942,0.44942
0.35644,0.35644,0.35644,0.35644,0.35644
0.28416,0.28416,0.28416,0.28416,0.28416
0.30524,0.30524,0.30524,0.30524,0.30524
0.1566,0.1566,0.1566,0.1566,0.1566
0.0387,0.0387,0.0387,0.0387,0.0387
0,0,0,0,0
0,0,0,0,0
0,0,0,0,0
0,0,0,0,0
0,0,0,0,0
0,0,0,0,0
0,0,0,0,0
0,0,0,0,0
0,0,0,0,0
0,0,0,0,0
0,0,0,0,0
0,0,0,0,0
0.09401,0.09401,0.09401,0.09401,0.09401
0.30589,0.30589,0.30589,0.30589,0.30589
0.50367,0.50367,0.50367,0.50367,0.50367
0.65296,0.65296,0.65296,0.65296,0.65296
0.75271,0.75271,0.75271,0.75271,0.75271
0.79668,0.79668,0.79668,0.79668,0.79668
0.75414,0.75414,0.75414,0.75414,0.75414
0.69138,0.69138,0.69138,0.69138,0.69138
0.57686,0.57686,0.57686,0.57686,0.57686
0.41226,0.41226,0.41226,0.41226,0.41226
0.21733,0.21733,0.21733,0.21733,0.21733
0.04601,0.04601,0.04601,0.04601,0.04601
0,0,0,0,0
0,0,0,0,0
0,0,0,0,0
0,0,0,0,0
0,0,0,0,0
0,0,0,0,0
0,0,0,0,0
0,0,0,0,0
0,0,0,0,0
0,0,0,0,0
0,0,0,0,0
0,0,0,0,0
0.08706,0.08706,0.08706,0.08706,0.08706
0.25721,0.25721,0.25721,0.25721,0.25721
0.37288,0.37288,0.37288,0.37288,0.37288
0.31354,0.31354,0.31354,0.31354,0.31354
0.34127,0.34127,0.34127,0.34127,0.34127
0.66514,0.66514,0.66514,0.66514,0.66514
0.70595,0.70595,0.70595,0.70595,0.70595
0.68817,0.68817,0.68817,0.68817,0.68817
0.52775,0.52775,0.52775,0.52775,0.52775
0.20533,0.20533,0.20533,0.20533,0.20533
0.11089,0.11089,0.11089,0.11089,0.11089
0.03429,0.03429,0.03429,0.03429,0.03429
0,0,0,0,0
0,0,0,0,0
0,0,0,0,0
0,0,0,0,0
0,0,0,0,0
0,0,0,0,0
0,0,0,0,0
0,0,0,0,0
0,0,0,0,0
0,0,0,0,0
0,0,0,0,0
0,0,0,0,0
0.00774,0.00774,0.00774,0.00774,0.00774
0.19683,0.19683,0.19683,0.19683,0.19683
0.19943,0.19943,0.19943,0.19943,0.19943
0.41876,0.41876,0.41876,0.41876,0.41876
0.35749,0.35749,0.35749,0.35749,0.35749
0.47623,0.47623,0.47623,0.47623,0.47623
0.44007,0.44007,0.44007,0.44007,0.44007
0.40495,0.40495,0.40495,0.40495,0.40495
0.2177,0.2177,0.2177,0.2177,0.2177
0.22531,0.22531,0.22531,0.22531,0.22531
0.06204,0.06204,0.06204,0.06204,0.06204
0.02303,0.02303,0.02303,0.02303,0.02303
0,0,0,0,0
0,0,0,0,0
0,0,0,0,0
0,0,0,0,0
0,0,0,0,0
0,0,0,0,0
0,0,0,0,0
0,0,0,0,0
0,0,0,0,0
0,0,0,0,0
0,0,0,0,0
0,0,0,0,0
0.05903,0.05903,0.05903,0.05903,0.05903
0.10099,0.10099,0.10099,0.10099,0.10099
0.29372,0.29372,0.29372,0.29372,0.29372
0.38139,0.38139,0.38139,0.38139,0.38139
0.25583,0.25583,0.25583,0.25583,0.25583
0.37218,0.37218,0.37218,0.37218,0.37218
0.20798,0.20798,0.20798,0.20798,0.20798
0.07764,0.07764,0.07764,0.07764,0.07764
0.04762,0.04762,0.04762,0.04762,0.04762
0.06751,0.06751,0.06751,0.06751,0.06751
0.05694,0.05694,0.05694,0.05694,0.05694
0.01974,0.01974,0.01974,0.01974,0.01974
0,0,0,0,0
0,0,0,0,0
0,0,0,0,0
0,0,0,0,0
0,0,0,0,0
0,0,0,0,0
0,0,0,0,0
0,0,0,0,0
0,0,0,0,0
0,0,0,0,0
0,0,0,0,0
0,0,0,0,0
0.07914,0.07914,0.07914,0.07914,0.07914
0.10239,0.10239,0.10239,0.10239,0.10239
0.04068,0.04068,0.04068,0.04068,0.04068
0.11903,0.11903,0.11903,0.11903,0.11903
0.4399,0.4399,0.4399,0.4399,0.4399
0.28643,0.28643,0.28643,0.28643,0.28643
0.40524,0.40524,0.40524,0.40524,0.40524
0.35731,0.35731,0.35731,0.35731,0.35731
0.25998,0.25998,0.25998,0.25998,0.25998
0.0478,0.0478,0.0478,0.0478,0.0478
0.12033,0.12033,0.12033,0.12033,0.12033
0.03526,0.03526,0.03526,0.03526,0.03526
0,0,0,0,0
0,0,0,0,0
0,0,0,0,0
0,0,0,0,0
0,0,0,0,0
0,0,0,0,0
0,0,0,0,0
0,0,0,0,0
0,0,0,0,0
0,0,0,0,0
0,0,0,0,0
0,0,0,0,0
0.00455,0.00455,0.00455,0.00455,0.00455
0.08858,0.08858,0.08858,0.08858,0.08858
0.30302,0.30302,0.30302,0.30302,0.30302
0.24414,0.24414,0.24414,0.24414,0.24414
0.44066,0.44066,0.44066,0.44066,0.44066
0.44932,0.44932,0.44932,0.44932,0.44932
0.44823,0.44823,0.44823,0.44823,0.44823
0.26238,0.26238,0.26238,0.26238,0.26238
0.09945,0.09945,0.09945,0.09945,0.09945
0.07332,0.07332,0.07332,0.07332,0.07332
0.07068,0.07068,0.07068,0.07068,0.07068
0.01016,0.01016,0.01016,0.01016,0.01016
0,0,0,0,0
0,0,0,0,0
0,0,0,0,0
0,0,0,0,0
0,0,0,0,0
0,0,0,0,0
0,0,0,0,0
0,0,0,0,0
0,0,0,0,0
0,0,0,0,0
0,0,0,0,0
0,0,0,0,0
0.08803,0.08803,0.08803,0.08803,0.08803
0.28046,0.28046,0.28046,0.28046,0.28046
0.42,0.42,0.42,0.42,0.42
0.56421,0.56421,0.56421,0.56421,0.56421
0.72652,0.72652,0.72652,0.72652,0.72652
0.73551,0.73551,0.73551,0.73551,0.73551
0.70905,0.70905,0.70905,0.70905,0.70905
0.63035,0.63035,0.63035,0.63035,0.63035
0.55578,0.55578,0.55578,0.55578,0.55578
0.30259,0.30259,0.30259,0.30259,0.30259
0.20788,0.20788,0.20788,0.20788,0.20788
0.0458,0.0458,0.0458,0.0458,0.0458
0,0,0,0,0
0,0,0,0,0
0,0,0,0,0
0,0,0,0,0
0,0,0,0,0
0,0,0,0,0
0,0,0,0,0
0,0,0,0,0
0,0,0,0,0
0,0,0,0,0
0,0,0,0,0
0,0,0,0,0
0.02223,0.02223,0.02223,0.02223,0.02223
0.25168,0.25168,0.25168,0.25168,0.25168
0.48403,0.48403,0.48403,0.48403,0.48403
0.63437,0.63437,0.63437,0.63437,0.63437
0.7322,0.7322,0.7322,0.7322,0.7322
0.7639,0.7639,0.7639,0.7639,0.7639
0.75278,0.75278,0.75278,0.75278,0.75278
0.68408,0.68408,0.68408,0.68408,0.68408
0.57996,0.57996,0.57996,0.57996,0.57996
0.4129,0.4129,0.4129,0.4129,0.4129
0.21834,0.21834,0.21834,0.21834,0.21834
0.04688,0.04688,0.04688,0.04688,0.04688
0,0,0,0,0
0,0,0,0,0
0,0,0,0,0
0,0,0,0,0
0,0,0,0,0
0,0,0,0,0
0,0,0,0,0
0,0,0,0,0
0,0,0,0,0
0,0,0,0,0
0,0,0,0,0
0,0,0,0,0
0.08103,0.08103,0.08103,0.08103,0.08103
0.18801,0.18801,0.18801,0.18801,0.18801
0.37843,0.37843,0.37843,0.37843,0.37843
0.47789,0.47789,0.47789,0.47789,0.47789
0.42852,0.42852,0.42852,0.42852,0.42852
0.65426,0.65426,0.65426,0.65426,0.65426
0.65548,0.65548,0.65548,0.65548,0.65548
0.49083,0.49083,0.49083,0.49083,0.49083
0.53854,0.53854,0.53854,0.53854,0.53854
0.31259,0.31259,0.31259,0.31259,0.31259
0.04428,0.04428,0.04428,0.04428,0.04428
0.03975,0.03975,0.03975,0.03975,0.03975
0,0,0,0,0
0,0,0,0,0
0,0,0,0,0
0,0,0,0,0
0,0,0,0,0
0,0,0,0,0
0,0,0,0,0
0,0,0,0,0
0,0,0,0,0
0,0,0,0,0
0,0,0,0,0
0,0,0,0,0
0.00212,0.00212,0.00212,0.00212,0.00212
0.14531,0.14531,0.14531,0.14531,0.14531
0.19767,0.19767,0.19767,0.19767,0.19767
0.36667,0.36667,0.36667,0.36667,0.36667
0.54273,0.54273,0.54273,0.54273,0.54273
0.51337,0.51337,0.51337,0.51337,0.51337
0.54282,0.54282,0.54282,0.54282,0.54282
0.47317,0.47317,0.47317,0.47317,0.47317
0.4469,0.4469,0.4469,0.4469,0.4469
0.22498,0.22498,0.22498,0.22498,0.22498
0.09884,0.09884,0.09884,0.09884,0.09884
0.03439,0.03439,0.03439,0.03439,0.03439
0,0,0,0,0
0,0,0,0,0
0,0,0,0,0
0,0,0,0,0
0,0,0,0,0
0,0,0,0,0
0,0,0,0,0
0,0,0,0,0
0,0,0,0,0
0,0,0,0,0
0,0,0,0,0
0,0,0,0,0
0.00214,0.00214,0.00214,0.00214,0.00214
0.043,0.043,0.043,0.043,0.043
0.28147,0.28147,0.28147,0.28147,0.28147
0.4105,0.4105,0.4105,0.4105,0.4105
0.57967,0.57967,0.57967,0.57967,0.57967
0.55435,0.55435,0.55435,0.55435,0.55435
0.43143,0.43143,0.43143,0.43143,0.43143
0.05557,0.05557,0.05557,0.05557,0.05557
0.03821,0.03821,0.03821,0.03821,0.03821
0.02137,0.02137,0.02137,0.02137,0.02137
0.04372,0.04372,0.04372,0.04372,0.04372
0.01015,0.01015,0.01015,0.01015,0.01015
0,0,0,0,0
0,0,0,0,0
0,0,0,0,0
0,0,0,0,0
0,0,0,0,0
0,0,0,0,0
0,0,0,0,0
0,0,0,0,0
0,0,0,0,0
0,0,0,0,0
0,0,0,0,0
0,0,0,0,0
0.01341,0.01341,0.01341,0.01341,0.01341
0.1932,0.1932,0.1932,0.1932,0.1932
0.35686,0.35686,0.35686,0.35686,0.35686
0.41337,0.41337,0.41337,0.41337,0.41337
0.61246,0.61246,0.61246,0.61246,0.61246
0.52622,0.52622,0.52622,0.52622,0.52622
0.11442,0.11442,0.11442,0.11442,0.11442
0.05486,0.05486,0.05486,0.05486,0.05486
0.0974,0.0974,0.0974,0.0974,0.0974
0.02136,0.02136,0.02136,0.02136,0.02136
0.01098,0.01098,0.01098,0.01098,0.01098
0.02305,0.02305,0.02305,0.02305,0.02305
0,0,0,0,0
0,0,0,0,0
0,0,0,0,0
0,0,0,0,0
0,0,0,0,0
0,0,0,0,0
0,0,0,0,0
0,0,0,0,0
0,0,0,0,0
0,0,0,0,0
0,0,0,0,0
0.00292,0.00292,0.00292,0.00292,0.00292
0.05993,0.05993,0.05993,0.05993,0.05993
0.20714,0.20714,0.20714,0.20714,0.20714
0.35639,0.35639,0.35639,0.35639,0.35639
0.40422,0.40422,0.40422,0.40422,0.40422
0.53397,0.53397,0.53397,0.53397,0.53397
0.52071,0.52071,0.52071,0.52071,0.52071
0.47606,0.47606,0.47606,0.47606,0.47606
0.34428,0.34428,0.34428,0.34428,0.34428
0.37712,0.37712,0.37712,0.37712,0.37712
0.05711,0.05711,0.05711,0.05711,0.05711
0.04313,0.04313,0.04313,0.04313,0.04313
0.0174,0.0174,0.0174,0.0174,0.0174
0,0,0,0,0
0,0,0,0,0
0,0,0,0,0
0,0,0,0,0
0,0,0,0,0
0,0,0,0,0
0,0,0,0,0
0,0,0,0,0
0,0,0,0,0
0,0,0,0,0
0,0,0,0,0
0.00149,0.00149,0.00149,0.00149,0.00149
0.05447,0.05447,0.05447,0.05447,0.05447
0.10885,0.10885,0.10885,0.10885,0.10885
0.22792,0.22792,0.22792,0.22792,0.22792
0.40839,0.40839,0.40839,0.40839,0.40839
0.46727,0.46727,0.46727,0.46727,0.46727
0.37971,0.37971,0.37971,0.37971,0.37971
0.3959,0.3959,0.3959,0.3959,0.3959
0.29537,0.29537,0.29537,0.29537,0.29537
0.07288,0.07288,0.07288,0.07288,0.07288
0.02378,0.02378,0.02378,0.02378,0.02378
0.01015,0.01015,0.01015,0.01015,0.01015
0.00213,0.00213,0.00213,0.00213,0.00213
0,0,0,0,0
0,0,0,0,0
0,0,0,0,0
0,0,0,0,0
0,0,0,0,0
0,0,0,0,0
0,0,0,0,0
0,0,0,0,0
0,0,0,0,0
0,0,0,0,0
0,0,0,0,0
0,0,0,0,0
0.00454,0.00454,0.00454,0.00454,0.00454
0.15394,0.15394,0.15394,0.15394,0.15394
0.38016,0.38016,0.38016,0.38016,0.38016
0.50508,0.50508,0.50508,0.50508,0.50508
0.54633,0.54633,0.54633,0.54633,0.54633
0.47426,0.47426,0.47426,0.47426,0.47426
0.59037,0.59037,0.59037,0.59037,0.59037
0.24019,0.24019,0.24019,0.24019,0.24019
0.05156,0.05156,0.05156,0.05156,0.05156
0.02053,0.02053,0.02053,0.02053,0.02053
0.04624,0.04624,0.04624,0.04624,0.04624
0.04955,0.04955,0.04955,0.04955,0.04955
0,0,0,0,0
0,0,0,0,0
0,0,0,0,0
0,0,0,0,0
0,0,0,0,0
0,0,0,0,0
0,0,0,0,0
0,0,0,0,0
0,0,0,0,0
0,0,0,0,0
0,0,0,0,0
0,0,0,0,0
0.02944,0.02944,0.02944,0.02944,0.02944
0.236,0.236,0.236,0.236,0.236
0.43469,0.43469,0.43469,0.43469,0.43469
0.53604,0.53604,0.53604,0.53604,0.53604
0.62852,0.62852,0.62852,0.62852,0.62852
0.49697,0.49697,0.49697,0.49697,0.49697
0.4106,0.4106,0.4106,0.4106,0.4106
0.32057,0.32057,0.32057,0.32057,0.32057
0.33671,0.33671,0.33671,0.33671,0.33671
0.28633,0.28633,0.28633,0.28633,0.28633
0.13428,0.13428,0.13428,0.13428,0.13428
0.02632,0.02632,0.02632,0.02632,0.02632
0,0,0,0,0
0,0,0,0,0
0,0,0,0,0
0,0,0,0,0
0,0,0,0,0
0,0,0,0,0
0,0,0,0,0
0,0,0,0,0
0,0,0,0,0
0,0,0,0,0
0,0,0,0,0
0,0,0,0,0
0.03724,0.03724,0.03724,0.03724,0.03724
0.19243,0.19243,0.19243,0.19243,0.19243
0.20436,0.20436,0.20436,0.20436,0.20436
0.26935,0.26935,0.26935,0.26935,0.26935
0.24785,0.24785,0.24785,0.24785,0.24785
0.3699,0.3699,0.3699,0.3699,0.3699
0.53684,0.53684,0.53684,0.53684,0.53684
0.31808,0.31808,0.31808,0.31808,0.31808
0.15948,0.15948,0.15948,0.15948,0.15948
0.2972,0.2972,0.2972,0.2972,0.2972
0.14968,0.14968,0.14968,0.14968,0.14968
0.0221,0.0221,0.0221,0.0221,0.0221
0,0,0,0,0
0,0,0,0,0
0,0,0,0,0
0,0,0,0,0
0,0,0,0,0
0,0,0,0,0
0,0,0,0,0
0,0,0,0,0
0,0,0,0,0
0,0,0,0,0
0,0,0,0,0
0.00321,0.00321,0.00321,0.00321,0.00321
0.08872,0.08872,0.08872,0.08872,0.08872
0.24826,0.24826,0.24826,0.24826,0.24826
0.39432,0.39432,0.39432,0.39432,0.39432
0.59729,0.59729,0.59729,0.59729,0.59729
0.48452,0.48452,0.48452,0.48452,0.48452
0.40673,0.40673,0.40673,0.40673,0.40673
0.54251,0.54251,0.54251,0.54251,0.54251
0.53774,0.53774,0.53774,0.53774,0.53774
0.26633,0.26633,0.26633,0.26633,0.26633
0.04501,0.04501,0.04501,0.04501,0.04501
0.05557,0.05557,0.05557,0.05557,0.05557
0.00131,0.00131,0.00131,0.00131,0.00131
0,0,0,0,0
0,0,0,0,0
0,0,0,0,0
0,0,0,0,0
0,0,0,0,0
0,0,0,0,0
0,0,0,0,0
0,0,0,0,0
0,0,0,0,0
0,0,0,0,0
0,0,0,0,0
0.00514,0.00514,0.00514,0.00514,0.00514
0.0923,0.0923,0.0923,0.0923,0.0923
0.2791,0.2791,0.2791,0.2791,0.2791
0.35251,0.35251,0.35251,0.35251,0.35251
0.32585,0.32585,0.32585,0.32585,0.32585
0.29983,0.29983,0.29983,0.29983,0.29983
0.36865,0.36865,0.36865,0.36865,0.36865
0.57574,0.57574,0.57574,0.57574,0.57574
0.36704,0.36704,0.36704,0.36704,0.36704
0.21563,0.21563,0.21563,0.21563,0.21563
0.19726,0.19726,0.19726,0.19726,0.19726
0.02927,0.02927,0.02927,0.02927,0.02927
0.00052,0.00052,0.00052,0.00052,0.00052
0,0,0,0,0
0,0,0,0,0
0,0,0,0,0
0,0,0,0,0
0,0,0,0,0
0,0,0,0,0
0,0,0,0,0
0,0,0,0,0
0,0,0,0,0
0,0,0,0,0
0,0,0,0,0
0.00305,0.00305,0.00305,0.00305,0.00305
0.05279,0.05279,0.05279,0.05279,0.05279
0.09923,0.09923,0.09923,0.09923,0.09923
0.31273,0.31273,0.31273,0.31273,0.31273
0.3535,0.3535,0.3535,0.3535,0.3535
0.42401,0.42401,0.42401,0.42401,0.42401
0.6591,0.6591,0.6591,0.6591,0.6591
0.68156,0.68156,0.68156,0.68156,0.68156
0.64263,0.64263,0.64263,0.64263,0.64263
0.52056,0.52056,0.52056,0.52056,0.52056
0.3144,0.3144,0.3144,0.3144,0.3144
0.21719,0.21719,0.21719,0.21719,0.21719
0.06422,0.06422,0.06422,0.06422,0.06422
0,0,0,0,0
0,0,0,0,0
0,0,0,0,0
0,0,0,0,0
0,0,0,0,0
0,0,0,0,0
0,0,0,0,0
0,0,0,0,0
0,0,0,0,0
0,0,0,0,0
0,0,0,0,0
0.00286,0.00286,0.00286,0.00286,0.00286
0.04702,0.04702,0.04702,0.04702,0.04702
0.10564,0.10564,0.10564,0.10564,0.10564
0.28927,0.28927,0.28927,0.28927,0.28927
0.30911,0.30911,0.30911,0.30911,0.30911
0.06124,0.06124,0.06124,0.06124,0.06124
0.08287,0.08287,0.08287,0.08287,0.08287
0.0764,0.0764,0.0764,0.0764,0.0764
0.22131,0.22131,0.22131,0.22131,0.22131
0.37144,0.37144,0.37144,0.37144,0.37144
0.12433,0.12433,0.12433,0.12433,0.12433
0.01411,0.01411,0.01411,0.01411,0.01411
0.00051,0.00051,0.00051,0.00051,0.00051
0,0,0,0,0
0,0,0,0,0
0,0,0,0,0
0,0,0,0,0
0,0,0,0,0
0,0,0,0,0
0,0,0,0,0
0,0,0,0,0
0,0,0,0,0
0,0,0,0,0
0,0,0,0,0
0,0,0,0,0
0.00213,0.00213,0.00213,0.00213,0.00213
0.05948,0.05948,0.05948,0.05948,0.05948
0.07142,0.07142,0.07142,0.07142,0.07142
0.39296,0.39296,0.39296,0.39296,0.39296
0.30546,0.30546,0.30546,0.30546,0.30546
0.38629,0.38629,0.38629,0.38629,0.38629
0.3496,0.3496,0.3496,0.3496,0.3496
0.18982,0.18982,0.18982,0.18982,0.18982
0.17427,0.17427,0.17427,0.17427,0.17427
0.1178,0.1178,0.1178,0.1178,0.1178
0.07968,0.07968,0.07968,0.07968,0.07968
0.00293,0.00293,0.00293,0.00293,0.00293
0,0,0,0,0
0,0,0,0,0
0,0,0,0,0
0,0,0,0,0
0,0,0,0,0
0,0,0,0,0
0,0,0,0,0
0,0,0,0,0
0,0,0,0,0
0,0,0,0,0
0,0,0,0,0
0,0,0,0,0
0.01418,0.01418,0.01418,0.01418,0.01418
0.05424,0.05424,0.05424,0.05424,0.05424
0.19441,0.19441,0.19441,0.19441,0.19441
0.39162,0.39162,0.39162,0.39162,0.39162
0.39204,0.39204,0.39204,0.39204,0.39204
0.3603,0.3603,0.3603,0.3603,0.3603
0.5496,0.5496,0.5496,0.5496,0.5496
0.44682,0.44682,0.44682,0.44682,0.44682
0.38322,0.38322,0.38322,0.38322,0.38322
0.22546,0.22546,0.22546,0.22546,0.22546
0.18386,0.18386,0.18386,0.18386,0.18386
0.0302,0.0302,0.0302,0.0302,0.0302
0,0,0,0,0
0,0,0,0,0
0,0,0,0,0
0,0,0,0,0
0,0,0,0,0
0,0,0,0,0
0,0,0,0,0
0,0,0,0,0
0,0,0,0,0
0,0,0,0,0
0,0,0,0,0
0.00438,0.00438,0.00438,0.00438,0.00438
0.08601,0.08601,0.08601,0.08601,0.08601
0.23811,0.23811,0.23811,0.23811,0.23811
0.39907,0.39907,0.39907,0.39907,0.39907
0.55807,0.55807,0.55807,0.55807,0.55807
0.47884,0.47884,0.47884,0.47884,0.47884
0.32502,0.32502,0.32502,0.32502,0.32502
0.4969,0.4969,0.4969,0.4969,0.4969
0.37537,0.37537,0.37537,0.37537,0.37537
0.44157,0.44157,0.44157,0.44157,0.44157
0.363,0.363,0.363,0.363,0.363
0.17039,0.17039,0.17039,0.17039,0.17039
0.05046,0.05046,0.05046,0.05046,0.05046
0,0,0,0,0
0,0,0,0,0
0,0,0,0,0
0,0,0,0,0
0,0,0,0,0
0,0,0,0,0
0,0,0,0,0
0,0,0,0,0
0,0,0,0,0
0,0,0,0,0
0,0,0,0,0
0.00305,0.00305,0.00305,0.00305,0.00305
0.07145,0.07145,0.07145,0.07145,0.07145
0.22417,0.22417,0.22417,0.22417,0.22417
0.36579,0.36579,0.36579,0.36579,0.36579
0.49551,0.49551,0.49551,0.49551,0.49551
0.52426,0.52426,0.52426,0.52426,0.52426
0.7203,0.7203,0.7203,0.7203,0.7203
0.73575,0.73575,0.73575,0.73575,0.73575
0.6753,0.6753,0.6753,0.6753,0.6753
0.56031,0.56031,0.56031,0.56031,0.56031
0.40081,0.40081,0.40081,0.40081,0.40081
0.23609,0.23609,0.23609,0.23609,0.23609
0.06122,0.06122,0.06122,0.06122,0.06122
0,0,0,0,0
0,0,0,0,0
0,0,0,0,0
0,0,0,0,0
0,0,0,0,0
0,0,0,0,0
0,0,0,0,0
0,0,0,0,0
0,0,0,0,0
0,0,0,0,0
0,0,0,0,0
0.00287,0.00287,0.00287,0.00287,0.00287
0.0851,0.0851,0.0851,0.0851,0.0851
0.21457,0.21457,0.21457,0.21457,0.21457
0.42463,0.42463,0.42463,0.42463,0.42463
0.55098,0.55098,0.55098,0.55098,0.55098
0.70851,0.70851,0.70851,0.70851,0.70851
0.77534,0.77534,0.77534,0.77534,0.77534
0.65172,0.65172,0.65172,0.65172,0.65172
0.68634,0.68634,0.68634,0.68634,0.68634
0.38997,0.38997,0.38997,0.38997,0.38997
0.15998,0.15998,0.15998,0.15998,0.15998
0.16495,0.16495,0.16495,0.16495,0.16495
0.0565,0.0565,0.0565,0.0565,0.0565
0,0,0,0,0
0,0,0,0,0
0,0,0,0,0
0,0,0,0,0
0,0,0,0,0
0,0,0,0,0
0,0,0,0,0
0,0,0,0,0
0,0,0,0,0
0,0,0,0,0
0,0,0,0,0
0.00384,0.00384,0.00384,0.00384,0.00384
0.0824,0.0824,0.0824,0.0824,0.0824
0.26417,0.26417,0.26417,0.26417,0.26417
0.36213,0.36213,0.36213,0.36213,0.36213
0.5653,0.5653,0.5653,0.5653,0.5653
0.46933,0.46933,0.46933,0.46933,0.46933
0.34031,0.34031,0.34031,0.34031,0.34031
0.63801,0.63801,0.63801,0.63801,0.63801
0.62244,0.62244,0.62244,0.62244,0.62244
0.53396,0.53396,0.53396,0.53396,0.53396
0.41517,0.41517,0.41517,0.41517,0.41517
0.21998,0.21998,0.21998,0.21998,0.21998
0.06778,0.06778,0.06778,0.06778,0.06778
0,0,0,0,0
0,0,0,0,0
0,0,0,0,0
0,0,0,0,0
0,0,0,0,0
0,0,0,0,0
0,0,0,0,0
0,0,0,0,0
0,0,0,0,0
0,0,0,0,0
0,0,0,0,0
0,0,0,0,0
0.01819,0.01819,0.01819,0.01819,0.01819
0.16437,0.16437,0.16437,0.16437,0.16437
0.3561,0.3561,0.3561,0.3561,0.3561
0.35439,0.35439,0.35439,0.35439,0.35439
0.2882,0.2882,0.2882,0.2882,0.2882
0.34276,0.34276,0.34276,0.34276,0.34276
0.45838,0.45838,0.45838,0.45838,0.45838
0.48657,0.48657,0.48657,0.48657,0.48657
0.4293,0.4293,0.4293,0.4293,0.4293
0.22039,0.22039,0.22039,0.22039,0.22039
0.04261,0.04261,0.04261,0.04261,0.04261
0.00132,0.00132,0.00132,0.00132,0.00132
0,0,0,0,0
0,0,0,0,0
0,0,0,0,0
0,0,0,0,0
0,0,0,0,0
0,0,0,0,0
0,0,0,0,0
0,0,0,0,0
0,0,0,0,0
0,0,0,0,0
0,0,0,0,0
0,0,0,0,0
0.06503,0.06503,0.06503,0.06503,0.06503
0.08819,0.08819,0.08819,0.08819,0.08819
0.16756,0.16756,0.16756,0.16756,0.16756
0.44295,0.44295,0.44295,0.44295,0.44295
0.36827,0.36827,0.36827,0.36827,0.36827
0.18877,0.18877,0.18877,0.18877,0.18877
0.66632,0.66632,0.66632,0.66632,0.66632
0.65971,0.65971,0.65971,0.65971,0.65971
0.39437,0.39437,0.39437,0.39437,0.39437
0.25659,0.25659,0.25659,0.25659,0.25659
0.07942,0.07942,0.07942,0.07942,0.07942
0.05969,0.05969,0.05969,0.05969,0.05969
0,0,0,0,0
0,0,0,0,0
0,0,0,0,0
0,0,0,0,0
0,0,0,0,0
0,0,0,0,0
0,0,0,0,0
0,0,0,0,0
0,0,0,0,0
0,0,0,0,0
0,0,0,0,0
0.00362,0.00362,0.00362,0.00362,0.00362
0.08017,0.08017,0.08017,0.08017,0.08017
0.22084,0.22084,0.22084,0.22084,0.22084
0.35337,0.35337,0.35337,0.35337,0.35337
0.46446,0.46446,0.46446,0.46446,0.46446
0.30399,0.30399,0.30399,0.30399,0.30399
0.30342,0.30342,0.30342,0.30342,0.30342
0.21624,0.21624,0.21624,0.21624,0.21624
0.30891,0.30891,0.30891,0.30891,0.30891
0.45471,0.45471,0.45471,0.45471,0.45471
0.17047,0.17047,0.17047,0.17047,0.17047
0.11481,0.11481,0.11481,0.11481,0.11481
0.02844,0.02844,0.02844,0.02844,0.02844
0,0,0,0,0
0,0,0,0,0
0,0,0,0,0
0,0,0,0,0
0,0,0,0,0
0,0,0,0,0
0,0,0,0,0
0,0,0,0,0
0,0,0,0,0
0,0,0,0,0
0,0,0,0,0
0.0032,0.0032,0.0032,0.0032,0.0032
0.0793,0.0793,0.0793,0.0793,0.0793
0.23379,0.23379,0.23379,0.23379,0.23379
0.37271,0.37271,0.37271,0.37271,0.37271
0.55606,0.55606,0.55606,0.55606,0.55606
0.67894,0.67894,0.67894,0.67894,0.67894
0.75307,0.75307,0.75307,0.75307,0.75307
0.55652,0.55652,0.55652,0.55652,0.55652
0.47567,0.47567,0.47567,0.47567,0.47567
0.30252,0.30252,0.30252,0.30252,0.30252
0.15663,0.15663,0.15663,0.15663,0.15663
0.08934,0.08934,0.08934,0.08934,0.08934
0.04535,0.04535,0.04535,0.04535,0.04535
0,0,0,0,0
0,0,0,0,0
0,0,0,0,0
0,0,0,0,0
0,0,0,0,0
0,0,0,0,0
0,0,0,0,0
0,0,0,0,0
0,0,0,0,0
0,0,0,0,0
0,0,0,0,0
0.00252,0.00252,0.00252,0.00252,0.00252
0.0786,0.0786,0.0786,0.0786,0.0786
0.25982,0.25982,0.25982,0.25982,0.25982
0.36925,0.36925,0.36925,0.36925,0.36925
0.53748,0.53748,0.53748,0.53748,0.53748
0.67786,0.67786,0.67786,0.67786,0.67786
0.69726,0.69726,0.69726,0.69726,0.69726
0.62379,0.62379,0.62379,0.62379,0.62379
0.61037,0.61037,0.61037,0.61037,0.61037
0.50249,0.50249,0.50249,0.50249,0.50249
0.20193,0.20193,0.20193,0.20193,0.20193
0.00838,0.00838,0.00838,0.00838,0.00838
0.00047,0.00047,0.00047,0.00047,0.00047
0,0,0,0,0
0,0,0,0,0
0,0,0,0,0
0,0,0,0,0
0,0,0,0,0
0,0,0,0,0
0,0,0,0,0
0,0,0,0,0
0,0,0,0,0
0,0,0,0,0
0,0,0,0,0
0.00356,0.00356,0.00356,0.00356,0.00356
0.05822,0.05822,0.05822,0.05822,0.05822
0.19153,0.19153,0.19153,0.19153,0.19153
0.22562,0.22562,0.22562,0.22562,0.22562
0.4379,0.4379,0.4379,0.4379,0.4379
0.54243,0.54243,0.54243,0.54243,0.54243
0.67968,0.67968,0.67968,0.67968,0.67968
0.73013,0.73013,0.73013,0.73013,0.73013
0.6447,0.6447,0.6447,0.6447,0.6447
0.56736,0.56736,0.56736,0.56736,0.56736
0.42696,0.42696,0.42696,0.42696,0.42696
0.1981,0.1981,0.1981,0.1981,0.1981
0.05887,0.05887,0.05887,0.05887,0.05887
0,0,0,0,0
0,0,0,0,0
0,0,0,0,0
0,0,0,0,0
0,0,0,0,0
0,0,0,0,0
0,0,0,0,0
0,0,0,0,0
0,0,0,0,0
0,0,0,0,0
0,0,0,0,0
0.00257,0.00257,0.00257,0.00257,0.00257
0.07657,0.07657,0.07657,0.07657,0.07657
0.20919,0.20919,0.20919,0.20919,0.20919
0.1675,0.1675,0.1675,0.1675,0.1675
0.41052,0.41052,0.41052,0.41052,0.41052
0.47979,0.47979,0.47979,0.47979,0.47979
0.34867,0.34867,0.34867,0.34867,0.34867
0.41654,0.41654,0.41654,0.41654,0.41654
0.5063,0.5063,0.5063,0.5063,0.5063
0.36368,0.36368,0.36368,0.36368,0.36368
0.3323,0.3323,0.3323,0.3323,0.3323
0.19307,0.19307,0.19307,0.19307,0.19307
0.06239,0.06239,0.06239,0.06239,0.06239
0,0,0,0,0
0,0,0,0,0
0,0,0,0,0
0,0,0,0,0
0,0,0,0,0
0,0,0,0,0
0,0,0,0,0
0,0,0,0,0
0,0,0,0,0
0,0,0,0,0
0,0,0,0,0
0.0043,0.0043,0.0043,0.0043,0.0043
0.0771,0.0771,0.0771,0.0771,0.0771
0.26323,0.26323,0.26323,0.26323,0.26323
0.44881,0.44881,0.44881,0.44881,0.44881
0.59266,0.59266,0.59266,0.59266,0.59266
0.63562,0.63562,0.63562,0.63562,0.63562
0.73532,0.73532,0.73532,0.73532,0.73532
0.63276,0.63276,0.63276,0.63276,0.63276
0.67579,0.67579,0.67579,0.67579,0.67579
0.43408,0.43408,0.43408,0.43408,0.43408
0.05031,0.05031,0.05031,0.05031,0.05031
0.10821,0.10821,0.10821,0.10821,0.10821
0.00127,0.00127,0.00127,0.00127,0.00127
0,0,0,0,0
0,0,0,0,0
0,0,0,0,0
0,0,0,0,0
0,0,0,0,0
0,0,0,0,0
0,0,0,0,0
0,0,0,0,0
0,0,0,0,0
0,0,0,0,0
0,0,0,0,0
0.00283,0.00283,0.00283,0.00283,0.00283
0.07597,0.07597,0.07597,0.07597,0.07597
0.13646,0.13646,0.13646,0.13646,0.13646
0.27744,0.27744,0.27744,0.27744,0.27744
0.49684,0.49684,0.49684,0.49684,0.49684
0.54207,0.54207,0.54207,0.54207,0.54207
0.5493,0.5493,0.5493,0.5493,0.5493
0.47889,0.47889,0.47889,0.47889,0.47889
0.62902,0.62902,0.62902,0.62902,0.62902
0.5844,0.5844,0.5844,0.5844,0.5844
0.19417,0.19417,0.19417,0.19417,0.19417
0.1844,0.1844,0.1844,0.1844,0.1844
0.06899,0.06899,0.06899,0.06899,0.06899
0,0,0,0,0
0,0,0,0,0
0,0,0,0,0
0,0,0,0,0
0,0,0,0,0
0,0,0,0,0
0,0,0,0,0
0,0,0,0,0
0,0,0,0,0
0,0,0,0,0
0,0,0,0,0
0.00363,0.00363,0.00363,0.00363,0.00363
0.07986,0.07986,0.07986,0.07986,0.07986
0.26587,0.26587,0.26587,0.26587,0.26587
0.4581,0.4581,0.4581,0.4581,0.4581
0.42687,0.42687,0.42687,0.42687,0.42687
0.69803,0.69803,0.69803,0.69803,0.69803
0.46035,0.46035,0.46035,0.46035,0.46035
0.60769,0.60769,0.60769,0.60769,0.60769
0.66825,0.66825,0.66825,0.66825,0.66825
0.51779,0.51779,0.51779,0.51779,0.51779
0.25786,0.25786,0.25786,0.25786,0.25786
0.09675,0.09675,0.09675,0.09675,0.09675
0.06578,0.06578,0.06578,0.06578,0.06578
0,0,0,0,0
0,0,0,0,0
0,0,0,0,0
0,0,0,0,0
0,0,0,0,0
0,0,0,0,0
0,0,0,0,0
0,0,0,0,0
0,0,0,0,0
0,0,0,0,0
0,0,0,0,0
0.00326,0.00326,0.00326,0.00326,0.00326
0.07424,0.07424,0.07424,0.07424,0.07424
0.26643,0.26643,0.26643,0.26643,0.26643
0.46036,0.46036,0.46036,0.46036,0.46036
0.56886,0.56886,0.56886,0.56886,0.56886
0.71368,0.71368,0.71368,0.71368,0.71368
0.76208,0.76208,0.76208,0.76208,0.76208
0.7498,0.7498,0.7498,0.7498,0.7498
0.62369,0.62369,0.62369,0.62369,0.62369
0.54471,0.54471,0.54471,0.54471,0.54471
0.44192,0.44192,0.44192,0.44192,0.44192
0.25099,0.25099,0.25099,0.25099,0.25099
0.06669,0.06669,0.06669,0.06669,0.06669
0,0,0,0,0
0,0,0,0,0
0,0,0,0,0
0,0,0,0,0
0,0,0,0,0
0,0,0,0,0
0,0,0,0,0
0,0,0,0,0
0,0,0,0,0
0,0,0,0,0
0,0,0,0,0
0.0022,0.0022,0.0022,0.0022,0.0022
0.06997,0.06997,0.06997,0.06997,0.06997
0.25826,0.25826,0.25826,0.25826,0.25826
0.34124,0.34124,0.34124,0.34124,0.34124
0.46035,0.46035,0.46035,0.46035,0.46035
0.43222,0.43222,0.43222,0.43222,0.43222
0.64233,0.64233,0.64233,0.64233,0.64233
0.61924,0.61924,0.61924,0.61924,0.61924
0.49514,0.49514,0.49514,0.49514,0.49514
0.30914,0.30914,0.30914,0.30914,0.30914
0.3015,0.3015,0.3015,0.3015,0.3015
0.12305,0.12305,0.12305,0.12305,0.12305
0.0612,0.0612,0.0612,0.0612,0.0612
0,0,0,0,0
0,0,0,0,0
0,0,0,0,0
0,0,0,0,0
0,0,0,0,0
0,0,0,0,0
0,0,0,0,0
0,0,0,0,0
0,0,0,0,0
0,0,0,0,0
0,0,0,0,0
0,0,0,0,0
0.03648,0.03648,0.03648,0.03648,0.03648
0.01729,0.01729,0.01729,0.01729,0.01729
0.16682,0.16682,0.16682,0.16682,0.16682
0.20951,0.20951,0.20951,0.20951,0.20951
0.26783,0.26783,0.26783,0.26783,0.26783
0.31247,0.31247,0.31247,0.31247,0.31247
0.25196,0.25196,0.25196,0.25196,0.25196
0.41853,0.41853,0.41853,0.41853,0.41853
0.04421,0.04421,0.04421,0.04421,0.04421
0.02528,0.02528,0.02528,0.02528,0.02528
0.0109,0.0109,0.0109,0.0109,0.0109
0.06397,0.06397,0.06397,0.06397,0.06397
0,0,0,0,0
0,0,0,0,0
0,0,0,0,0
0,0,0,0,0
0,0,0,0,0
0,0,0,0,0
0,0,0,0,0
0,0,0,0,0
0,0,0,0,0
0,0,0,0,0
0,0,0,0,0
0,0,0,0,0
0.04209,0.04209,0.04209,0.04209,0.04209
0.17523,0.17523,0.17523,0.17523,0.17523
0.29152,0.29152,0.29152,0.29152,0.29152
0.39436,0.39436,0.39436,0.39436,0.39436
0.49174,0.49174,0.49174,0.49174,0.49174
0.42164,0.42164,0.42164,0.42164,0.42164
0.48642,0.48642,0.48642,0.48642,0.48642
0.30431,0.30431,0.30431,0.30431,0.30431
0.19165,0.19165,0.19165,0.19165,0.19165
0.07697,0.07697,0.07697,0.07697,0.07697
0.06121,0.06121,0.06121,0.06121,0.06121
0.01653,0.01653,0.01653,0.01653,0.01653
0,0,0,0,0
0,0,0,0,0
0,0,0,0,0
0,0,0,0,0
0,0,0,0,0
0,0,0,0,0
0,0,0,0,0
0,0,0,0,0
0,0,0,0,0
0,0,0,0,0
0,0,0,0,0
0,0,0,0,0
0.00613,0.00613,0.00613,0.00613,0.00613
0.09783,0.09783,0.09783,0.09783,0.09783
0.32512,0.32512,0.32512,0.32512,0.32512
0.35487,0.35487,0.35487,0.35487,0.35487
0.50036,0.50036,0.50036,0.50036,0.50036
0.22458,0.22458,0.22458,0.22458,0.22458
0.44414,0.44414,0.44414,0.44414,0.44414
0.32557,0.32557,0.32557,0.32557,0.32557
0.43878,0.43878,0.43878,0.43878,0.43878
0.04592,0.04592,0.04592,0.04592,0.04592
0.01813,0.01813,0.01813,0.01813,0.01813
0.05241,0.05241,0.05241,0.05241,0.05241
0,0,0,0,0
0,0,0,0,0
0,0,0,0,0
0,0,0,0,0
0,0,0,0,0
0,0,0,0,0
0,0,0,0,0
0,0,0,0,0
0,0,0,0,0
0,0,0,0,0
0,0,0,0,0
0,0,0,0,0
0.00131,0.00131,0.00131,0.00131,0.00131
0.18258,0.18258,0.18258,0.18258,0.18258
0.25739,0.25739,0.25739,0.25739,0.25739
0.42606,0.42606,0.42606,0.42606,0.42606
0.45214,0.45214,0.45214,0.45214,0.45214
0.38091,0.38091,0.38091,0.38091,0.38091
0.35225,0.35225,0.35225,0.35225,0.35225
0.1796,0.1796,0.1796,0.1796,0.1796
0.08345,0.08345,0.08345,0.08345,0.08345
0.16889,0.16889,0.16889,0.16889,0.16889
0.0911,0.0911,0.0911,0.0911,0.0911
0.05341,0.05341,0.05341,0.05341,0.05341
0,0,0,0,0
0,0,0,0,0
0,0,0,0,0
0,0,0,0,0
0,0,0,0,0
0,0,0,0,0
0,0,0,0,0
0,0,0,0,0
0,0,0,0,0
0,0,0,0,0
0,0,0,0,0
0,0,0,0,0
0.06342,0.06342,0.06342,0.06342,0.06342
0.06674,0.06674,0.06674,0.06674,0.06674
0.17445,0.17445,0.17445,0.17445,0.17445
0.16511,0.16511,0.16511,0.16511,0.16511
0.28777,0.28777,0.28777,0.28777,0.28777
0.32131,0.32131,0.32131,0.32131,0.32131
0.20524,0.20524,0.20524,0.20524,0.20524
0.28262,0.28262,0.28262,0.28262,0.28262
0.2025,0.2025,0.2025,0.2025,0.2025
0.18364,0.18364,0.18364,0.18364,0.18364
0.13807,0.13807,0.13807,0.13807,0.13807
0.04113,0.04113,0.04113,0.04113,0.04113
0.00056,0.00056,0.00056,0.00056,0.00056
0,0,0,0,0
0,0,0,0,0
0,0,0,0,0
0,0,0,0,0
0,0,0,0,0
0,0,0,0,0
0,0,0,0,0
0,0,0,0,0
0,0,0,0,0
0,0,0,0,0
0,0,0,0,0
0.00211,0.00211,0.00211,0.00211,0.00211
0.01092,0.01092,0.01092,0.01092,0.01092
0.02454,0.02454,0.02454,0.02454,0.02454
0.04214,0.04214,0.04214,0.04214,0.04214
0.0589,0.0589,0.0589,0.0589,0.0589
0.07876,0.07876,0.07876,0.07876,0.07876
0.08742,0.08742,0.08742,0.08742,0.08742
0.15016,0.15016,0.15016,0.15016,0.15016
0.10433,0.10433,0.10433,0.10433,0.10433
0.02529,0.02529,0.02529,0.02529,0.02529
0.01091,0.01091,0.01091,0.01091,0.01091
0.00531,0.00531,0.00531,0.00531,0.00531
0,0,0,0,0
0,0,0,0,0
0,0,0,0,0
0,0,0,0,0
0,0,0,0,0
0,0,0,0,0
0,0,0,0,0
0,0,0,0,0
0,0,0,0,0
0,0,0,0,0
0,0,0,0,0
0,0,0,0,0
0.00131,0.00131,0.00131,0.00131,0.00131
0.01095,0.01095,0.01095,0.01095,0.01095
0.02459,0.02459,0.02459,0.02459,0.02459
0.04224,0.04224,0.04224,0.04224,0.04224
0.18242,0.18242,0.18242,0.18242,0.18242
0.29392,0.29392,0.29392,0.29392,0.29392
0.32373,0.32373,0.32373,0.32373,0.32373
0.20328,0.20328,0.20328,0.20328,0.20328
0.17767,0.17767,0.17767,0.17767,0.17767
0.11233,0.11233,0.11233,0.11233,0.11233
0.05655,0.05655,0.05655,0.05655,0.05655
0.01737,0.01737,0.01737,0.01737,0.01737
0,0,0,0,0
0,0,0,0,0
0,0,0,0,0
0,0,0,0,0
0,0,0,0,0
0,0,0,0,0
0,0,0,0,0
0,0,0,0,0
0,0,0,0,0
0,0,0,0,0
0,0,0,0,0
0,0,0,0,0
0.00776,0.00776,0.00776,0.00776,0.00776
0.02304,0.02304,0.02304,0.02304,0.02304
0.0876,0.0876,0.0876,0.0876,0.0876
0.09414,0.09414,0.09414,0.09414,0.09414
0.09024,0.09024,0.09024,0.09024,0.09024
0.08713,0.08713,0.08713,0.08713,0.08713
0.07924,0.07924,0.07924,0.07924,0.07924
0.05844,0.05844,0.05844,0.05844,0.05844
0.04158,0.04158,0.04158,0.04158,0.04158
0.02628,0.02628,0.02628,0.02628,0.02628
0.01742,0.01742,0.01742,0.01742,0.01742
0.00213,0.00213,0.00213,0.00213,0.00213
0,0,0,0,0
0,0,0,0,0
0,0,0,0,0
0,0,0,0,0
0,0,0,0,0
0,0,0,0,0
0,0,0,0,0
0,0,0,0,0
0,0,0,0,0
0,0,0,0,0
0,0,0,0,0
0,0,0,0,0
0.07847,0.07847,0.07847,0.07847,0.07847
0.19177,0.19177,0.19177,0.19177,0.19177
0.21908,0.21908,0.21908,0.21908,0.21908
0.47047,0.47047,0.47047,0.47047,0.47047
0.34054,0.34054,0.34054,0.34054,0.34054
0.4814,0.4814,0.4814,0.4814,0.4814
0.34533,0.34533,0.34533,0.34533,0.34533
0.29946,0.29946,0.29946,0.29946,0.29946
0.28843,0.28843,0.28843,0.28843,0.28843
0.09435,0.09435,0.09435,0.09435,0.09435
0.05806,0.05806,0.05806,0.05806,0.05806
0.02052,0.02052,0.02052,0.02052,0.02052
0,0,0,0,0
0,0,0,0,0
0,0,0,0,0
0,0,0,0,0
0,0,0,0,0
0,0,0,0,0
0,0,0,0,0
0,0,0,0,0
0,0,0,0,0
0,0,0,0,0
0,0,0,0,0
0,0,0,0,0
0.03871,0.03871,0.03871,0.03871,0.03871
0.04131,0.04131,0.04131,0.04131,0.04131
0.25791,0.25791,0.25791,0.25791,0.25791
0.25111,0.25111,0.25111,0.25111,0.25111
0.05964,0.05964,0.05964,0.05964,0.05964
0.06927,0.06927,0.06927,0.06927,0.06927
0.06927,0.06927,0.06927,0.06927,0.06927
0.06045,0.06045,0.06045,0.06045,0.06045
0.04367,0.04367,0.04367,0.04367,0.04367
0.03246,0.03246,0.03246,0.03246,0.03246
0.02047,0.02047,0.02047,0.02047,0.02047
0.00529,0.00529,0.00529,0.00529,0.00529
0,0,0,0,0
0,0,0,0,0
0,0,0,0,0
0,0,0,0,0
0,0,0,0,0
0,0,0,0,0
0,0,0,0,0
0,0,0,0,0
0,0,0,0,0
0,0,0,0,0
0,0,0,0,0
0,0,0,0,0
0.0733,0.0733,0.0733,0.0733,0.0733
0.20378,0.20378,0.20378,0.20378,0.20378
0.29914,0.29914,0.29914,0.29914,0.29914
0.47447,0.47447,0.47447,0.47447,0.47447
0.42081,0.42081,0.42081,0.42081,0.42081
0.4125,0.4125,0.4125,0.4125,0.4125
0.52761,0.52761,0.52761,0.52761,0.52761
0.59692,0.59692,0.59692,0.59692,0.59692
0.5495,0.5495,0.5495,0.5495,0.5495
0.42551,0.42551,0.42551,0.42551,0.42551
0.23934,0.23934,0.23934,0.23934,0.23934
0.07759,0.07759,0.07759,0.07759,0.07759
0.00376,0.00376,0.00376,0.00376,0.00376
0,0,0,0,0
0,0,0,0,0
0,0,0,0,0
0,0,0,0,0
0,0,0,0,0
0,0,0,0,0
0,0,0,0,0
0,0,0,0,0
0,0,0,0,0
0,0,0,0,0
0,0,0,0,0
0.06295,0.06295,0.06295,0.06295,0.06295
0.23225,0.23225,0.23225,0.23225,0.23225
0.42437,0.42437,0.42437,0.42437,0.42437
0.56112,0.56112,0.56112,0.56112,0.56112
0.62382,0.62382,0.62382,0.62382,0.62382
0.6391,0.6391,0.6391,0.6391,0.6391
0.56633,0.56633,0.56633,0.56633,0.56633
0.54073,0.54073,0.54073,0.54073,0.54073
0.45283,0.45283,0.45283,0.45283,0.45283
0.40757,0.40757,0.40757,0.40757,0.40757
0.17834,0.17834,0.17834,0.17834,0.17834
0.06806,0.06806,0.06806,0.06806,0.06806
0,0,0,0,0
0,0,0,0,0
0,0,0,0,0
0,0,0,0,0
0,0,0,0,0
0,0,0,0,0
0,0,0,0,0
0,0,0,0,0
0,0,0,0,0
0,0,0,0,0
0,0,0,0,0
0,0,0,0,0
0.05524,0.05524,0.05524,0.05524,0.05524
0.24186,0.24186,0.24186,0.24186,0.24186
0.43878,0.43878,0.43878,0.43878,0.43878
0.59435,0.59435,0.59435,0.59435,0.59435
0.69949,0.69949,0.69949,0.69949,0.69949
0.75418,0.75418,0.75418,0.75418,0.75418
0.75009,0.75009,0.75009,0.75009,0.75009
0.63834,0.63834,0.63834,0.63834,0.63834
0.30488,0.30488,0.30488,0.30488,0.30488
0.20628,0.20628,0.20628,0.20628,0.20628
0.25291,0.25291,0.25291,0.25291,0.25291
0.08087,0.08087,0.08087,0.08087,0.08087
0.00445,0.00445,0.00445,0.00445,0.00445
0,0,0,0,0
0,0,0,0,0
0,0,0,0,0
0,0,0,0,0
0,0,0,0,0
0,0,0,0,0
0,0,0,0,0
0,0,0,0,0
0,0,0,0,0
0,0,0,0,0
0,0,0,0,0
0.05394,0.05394,0.05394,0.05394,0.05394
0.23574,0.23574,0.23574,0.23574,0.23574
0.42686,0.42686,0.42686,0.42686,0.42686
0.57595,0.57595,0.57595,0.57595,0.57595
0.67876,0.67876,0.67876,0.67876,0.67876
0.69369,0.69369,0.69369,0.69369,0.69369
0.73881,0.73881,0.73881,0.73881,0.73881
0.58711,0.58711,0.58711,0.58711,0.58711
0.24699,0.24699,0.24699,0.24699,0.24699
0.1161,0.1161,0.1161,0.1161,0.1161
0.1023,0.1023,0.1023,0.1023,0.1023
0.08387,0.08387,0.08387,0.08387,0.08387
0.00291,0.00291,0.00291,0.00291,0.00291
0,0,0,0,0
0,0,0,0,0
0,0,0,0,0
0,0,0,0,0
0,0,0,0,0
0,0,0,0,0
0,0,0,0,0
0,0,0,0,0
0,0,0,0,0
0,0,0,0,0
0,0,0,0,0
0.02305,0.02305,0.02305,0.02305,0.02305
0.07421,0.07421,0.07421,0.07421,0.07421
0.17114,0.17114,0.17114,0.17114,0.17114
0.38394,0.38394,0.38394,0.38394,0.38394
0.66204,0.66204,0.66204,0.66204,0.66204
0.37957,0.37957,0.37957,0.37957,0.37957
0.4494,0.4494,0.4494,0.4494,0.4494
0.58192,0.58192,0.58192,0.58192,0.58192
0.30301,0.30301,0.30301,0.30301,0.30301
0.33394,0.33394,0.33394,0.33394,0.33394
0.09705,0.09705,0.09705,0.09705,0.09705
0.08351,0.08351,0.08351,0.08351,0.08351
0,0,0,0,0
0,0,0,0,0
0,0,0,0,0
0,0,0,0,0
0,0,0,0,0
0,0,0,0,0
0,0,0,0,0
0,0,0,0,0
0,0,0,0,0
0,0,0,0,0
0,0,0,0,0
0,0,0,0,0
0.04262,0.04262,0.04262,0.04262,0.04262
0.1951,0.1951,0.1951,0.1951,0.1951
0.23045,0.23045,0.23045,0.23045,0.23045
0.3006,0.3006,0.3006,0.3006,0.3006
0.65603,0.65603,0.65603,0.65603,0.65603
0.45114,0.45114,0.45114,0.45114,0.45114
0.45149,0.45149,0.45149,0.45149,0.45149
0.55243,0.55243,0.55243,0.55243,0.55243
0.44956,0.44956,0.44956,0.44956,0.44956
0.30922,0.30922,0.30922,0.30922,0.30922
0.07553,0.07553,0.07553,0.07553,0.07553
0.07761,0.07761,0.07761,0.07761,0.07761
0,0,0,0,0
0,0,0,0,0
0,0,0,0,0
0,0,0,0,0
0,0,0,0,0
0,0,0,0,0
0,0,0,0,0
0,0,0,0,0
0,0,0,0,0
0,0,0,0,0
0,0,0,0,0
0,0,0,0,0
0.04857,0.04857,0.04857,0.04857,0.04857
0.17863,0.17863,0.17863,0.17863,0.17863
0.29941,0.29941,0.29941,0.29941,0.29941
0.37329,0.37329,0.37329,0.37329,0.37329
0.52424,0.52424,0.52424,0.52424,0.52424
0.34984,0.34984,0.34984,0.34984,0.34984
0.27091,0.27091,0.27091,0.27091,0.27091
0.15296,0.15296,0.15296,0.15296,0.15296
0.27898,0.27898,0.27898,0.27898,0.27898
0.2968,0.2968,0.2968,0.2968,0.2968
0.18352,0.18352,0.18352,0.18352,0.18352
0.07672,0.07672,0.07672,0.07672,0.07672
0.00212,0.00212,0.00212,0.00212,0.00212
0,0,0,0,0
0,0,0,0,0
0,0,0,0,0
0,0,0,0,0
0,0,0,0,0
0,0,0,0,0
0,0,0,0,0
0,0,0,0,0
0,0,0,0,0
0,0,0,0,0
0,0,0,0,0
0.04736,0.04736,0.04736,0.04736,0.04736
0.16787,0.16787,0.16787,0.16787,0.16787
0.33083,0.33083,0.33083,0.33083,0.33083
0.47031,0.47031,0.47031,0.47031,0.47031
0.3992,0.3992,0.3992,0.3992,0.3992
0.49647,0.49647,0.49647,0.49647,0.49647
0.57486,0.57486,0.57486,0.57486,0.57486
0.57536,0.57536,0.57536,0.57536,0.57536
0.18991,0.18991,0.18991,0.18991,0.18991
0.30628,0.30628,0.30628,0.30628,0.30628
0.07936,0.07936,0.07936,0.07936,0.07936
0.07714,0.07714,0.07714,0.07714,0.07714
0,0,0,0,0
0,0,0,0,0
0,0,0,0,0
0,0,0,0,0
0,0,0,0,0
0,0,0,0,0
0,0,0,0,0
0,0,0,0,0
0,0,0,0,0
0,0,0,0,0
0,0,0,0,0
0,0,0,0,0
0.05706,0.05706,0.05706,0.05706,0.05706
0.17513,0.17513,0.17513,0.17513,0.17513
0.2871,0.2871,0.2871,0.2871,0.2871
0.3985,0.3985,0.3985,0.3985,0.3985
0.54371,0.54371,0.54371,0.54371,0.54371
0.67609,0.67609,0.67609,0.67609,0.67609
0.64451,0.64451,0.64451,0.64451,0.64451
0.55675,0.55675,0.55675,0.55675,0.55675
0.5268,0.5268,0.5268,0.5268,0.5268
0.38686,0.38686,0.38686,0.38686,0.38686
0.21772,0.21772,0.21772,0.21772,0.21772
0.07908,0.07908,0.07908,0.07908,0.07908
0.00372,0.00372,0.00372,0.00372,0.00372
0,0,0,0,0
0,0,0,0,0
0,0,0,0,0
0,0,0,0,0
0,0,0,0,0
0,0,0,0,0
0,0,0,0,0
0,0,0,0,0
0,0,0,0,0
0,0,0,0,0
0,0,0,0,0
0.01095,0.01095,0.01095,0.01095,0.01095
0.06971,0.06971,0.06971,0.06971,0.06971
0.17779,0.17779,0.17779,0.17779,0.17779
0.16483,0.16483,0.16483,0.16483,0.16483
0.55828,0.55828,0.55828,0.55828,0.55828
0.45569,0.45569,0.45569,0.45569,0.45569
0.57312,0.57312,0.57312,0.57312,0.57312
0.44551,0.44551,0.44551,0.44551,0.44551
0.2376,0.2376,0.2376,0.2376,0.2376
0.33444,0.33444,0.33444,0.33444,0.33444
0.16357,0.16357,0.16357,0.16357,0.16357
0.09085,0.09085,0.09085,0.09085,0.09085
0.00641,0.00641,0.00641,0.00641,0.00641
0,0,0,0,0
0,0,0,0,0
0,0,0,0,0
0,0,0,0,0
0,0,0,0,0
0,0,0,0,0
0,0,0,0,0
0,0,0,0,0
0,0,0,0,0
0,0,0,0,0
0,0,0,0,0
0.05325,0.05325,0.05325,0.05325,0.05325
0.17461,0.17461,0.17461,0.17461,0.17461
0.31373,0.31373,0.31373,0.31373,0.31373
0.46774,0.46774,0.46774,0.46774,0.46774
0.31639,0.31639,0.31639,0.31639,0.31639
0.57131,0.57131,0.57131,0.57131,0.57131
0.58768,0.58768,0.58768,0.58768,0.58768
0.62505,0.62505,0.62505,0.62505,0.62505
0.29531,0.29531,0.29531,0.29531,0.29531
0.13126,0.13126,0.13126,0.13126,0.13126
0.11021,0.11021,0.11021,0.11021,0.11021
0.05701,0.05701,0.05701,0.05701,0.05701
0.00502,0.00502,0.00502,0.00502,0.00502
0,0,0,0,0
0,0,0,0,0
0,0,0,0,0
0,0,0,0,0
0,0,0,0,0
0,0,0,0,0
0,0,0,0,0
0,0,0,0,0
0,0,0,0,0
0,0,0,0,0
0,0,0,0,0
0.05311,0.05311,0.05311,0.05311,0.05311
0.20821,0.20821,0.20821,0.20821,0.20821
0.42544,0.42544,0.42544,0.42544,0.42544
0.54161,0.54161,0.54161,0.54161,0.54161
0.70241,0.70241,0.70241,0.70241,0.70241
0.74659,0.74659,0.74659,0.74659,0.74659
0.77271,0.77271,0.77271,0.77271,0.77271
0.7292,0.7292,0.7292,0.7292,0.7292
0.63227,0.63227,0.63227,0.63227,0.63227
0.46393,0.46393,0.46393,0.46393,0.46393
0.25711,0.25711,0.25711,0.25711,0.25711
0.09633,0.09633,0.09633,0.09633,0.09633
0.00781,0.00781,0.00781,0.00781,0.00781
0,0,0,0,0
0,0,0,0,0
0,0,0,0,0
0,0,0,0,0
0,0,0,0,0
0,0,0,0,0
0,0,0,0,0
0,0,0,0,0
0,0,0,0,0
0,0,0,0,0
0,0,0,0,0
0.03034,0.03034,0.03034,0.03034,0.03034
0.20453,0.20453,0.20453,0.20453,0.20453
0.36312,0.36312,0.36312,0.36312,0.36312
0.5342,0.5342,0.5342,0.5342,0.5342
0.67862,0.67862,0.67862,0.67862,0.67862
0.75765,0.75765,0.75765,0.75765,0.75765
0.42004,0.42004,0.42004,0.42004,0.42004
0.56138,0.56138,0.56138,0.56138,0.56138
0.62519,0.62519,0.62519,0.62519,0.62519
0.47765,0.47765,0.47765,0.47765,0.47765
0.22325,0.22325,0.22325,0.22325,0.22325
0.09948,0.09948,0.09948,0.09948,0.09948
0.00455,0.00455,0.00455,0.00455,0.00455
0,0,0,0,0
0,0,0,0,0
0,0,0,0,0
0,0,0,0,0
0,0,0,0,0
0,0,0,0,0
0,0,0,0,0
0,0,0,0,0
0,0,0,0,0
0,0,0,0,0
0,0,0,0,0
0.04939,0.04939,0.04939,0.04939,0.04939
0.22571,0.22571,0.22571,0.22571,0.22571
0.40944,0.40944,0.40944,0.40944,0.40944
0.56685,0.56685,0.56685,0.56685,0.56685
0.70959,0.70959,0.70959,0.70959,0.70959
0.77025,0.77025,0.77025,0.77025,0.77025
0.77538,0.77538,0.77538,0.77538,0.77538
0.73131,0.73131,0.73131,0.73131,0.73131
0.63427,0.63427,0.63427,0.63427,0.63427
0.48789,0.48789,0.48789,0.48789,0.48789
0.24484,0.24484,0.24484,0.24484,0.24484
0.09838,0.09838,0.09838,0.09838,0.09838
0.00778,0.00778,0.00778,0.00778,0.00778
0,0,0,0,0
0,0,0,0,0
0,0,0,0,0
0,0,0,0,0
0,0,0,0,0
0,0,0,0,0
0,0,0,0,0
0,0,0,0,0
0,0,0,0,0
0,0,0,0,0
0,0,0,0,0
0.05178,0.05178,0.05178,0.05178,0.05178
0.13152,0.13152,0.13152,0.13152,0.13152
0.32943,0.32943,0.32943,0.32943,0.32943
0.53052,0.53052,0.53052,0.53052,0.53052
0.69596,0.69596,0.69596,0.69596,0.69596
0.7547,0.7547,0.7547,0.7547,0.7547
0.76178,0.76178,0.76178,0.76178,0.76178
0.67489,0.67489,0.67489,0.67489,0.67489
0.58517,0.58517,0.58517,0.58517,0.58517
0.47804,0.47804,0.47804,0.47804,0.47804
0.29385,0.29385,0.29385,0.29385,0.29385
0.10006,0.10006,0.10006,0.10006,0.10006
0.00844,0.00844,0.00844,0.00844,0.00844
0,0,0,0,0
0,0,0,0,0
0,0,0,0,0
0,0,0,0,0
0,0,0,0,0
0,0,0,0,0
0,0,0,0,0
0,0,0,0,0
0,0,0,0,0
0,0,0,0,0
0,0,0,0,0
0.04433,0.04433,0.04433,0.04433,0.04433
0.22345,0.22345,0.22345,0.22345,0.22345
0.38631,0.38631,0.38631,0.38631,0.38631
0.54244,0.54244,0.54244,0.54244,0.54244
0.68876,0.68876,0.68876,0.68876,0.68876
0.74809,0.74809,0.74809,0.74809,0.74809
0.7539,0.7539,0.7539,0.7539,0.7539
0.67793,0.67793,0.67793,0.67793,0.67793
0.62115,0.62115,0.62115,0.62115,0.62115
0.46405,0.46405,0.46405,0.46405,0.46405
0.29408,0.29408,0.29408,0.29408,0.29408
0.09935,0.09935,0.09935,0.09935,0.09935
0.00841,0.00841,0.00841,0.00841,0.00841
0,0,0,0,0
0,0,0,0,0
0,0,0,0,0
0,0,0,0,0
0,0,0,0,0
